coreid,PreparationProperties,aec:associatedTaxa,chrono:ChronometricAge,dc:rights,dcterms:accessRights,dcterms:bibliographicCitation,dcterms:language,dcterms:license,dcterms:modified,dcterms:references,dcterms:rights,dcterms:rightsHolder,dcterms:source,dcterms:type,dwc:Identification,dwc:MeasurementOrFact,dwc:ResourceRelationship,dwc:VerbatimEventDate,dwc:acceptedNameUsage,dwc:acceptedNameUsageID,dwc:accessRights,dwc:associatedMedia,dwc:associatedOccurrences,dwc:associatedOrganisms,dwc:associatedReferences,dwc:associatedSequences,dwc:associatedTaxa,dwc:basisOfRecord,dwc:bed,dwc:behavior,dwc:catalogNumber,dwc:class,dwc:classs,dwc:collectionCode,dwc:collectionID,dwc:continent,dwc:coordinatePrecision,dwc:coordinateUncertaintyInMeters,dwc:country,dwc:countryCode,dwc:county,dwc:dataGeneralizations,dwc:datasetID,dwc:datasetName,dwc:dateIdentified,dwc:day,dwc:decimalLatitude,dwc:decimalLongitude,dwc:disposition,dwc:dynamicProperties,dwc:earliestAgeOrLowestStage,dwc:earliestEonOrLowestEonothem,dwc:earliestEpochOrLowestSeries,dwc:earliestEraOrLowestErathem,dwc:earliestPeriodOrLowestSystem,dwc:endDayOfYear,dwc:establishmentMeans,dwc:eventDate,dwc:eventID,dwc:eventRemarks,dwc:eventTime,dwc:family,dwc:fieldNotes,dwc:fieldNumber,dwc:footprintSRS,dwc:footprintSpatialFit,dwc:footprintWKT,dwc:formation,dwc:genus,dwc:geodeticDatum,dwc:geologicalContextID,dwc:georeferenceProtocol,dwc:georeferenceRemarks,dwc:georeferenceSources,dwc:georeferenceVerificationStatus,dwc:georeferencedBy,dwc:georeferencedDate,dwc:group,dwc:habitat,dwc:higherClassification,dwc:higherGeography,dwc:higherGeographyID,dwc:highestBiostratigraphicZone,dwc:identificationID,dwc:identificationQualifier,dwc:identificationReferences,dwc:identificationRemarks,dwc:identificationVerificationStatus,dwc:identifiedBy,dwc:individualCount,dwc:informationWithheld,dwc:infraspecificEpithet,dwc:institutionCode,dwc:institutionID,dwc:island,dwc:islandGroup,dwc:kingdom,dwc:language,dwc:latestAgeOrHighestStage,dwc:latestEonOrHighestEonothem,dwc:latestEpochOrHighestSeries,dwc:latestEraOrHighestErathem,dwc:latestPeriodOrHighestSystem,dwc:lifeStage,dwc:lithostratigraphicTerms,dwc:locality,dwc:locationAccordingTo,dwc:locationID,dwc:locationRemarks,dwc:lowestBiostratigraphicZone,dwc:materialSampleID,dwc:maximumDepthInMeters,dwc:maximumElevationInMeters,dwc:member,dwc:minimumDepthInMeters,dwc:minimumElevationInMeters,dwc:modified,dwc:month,dwc:municipality,dwc:nameAccordingTo,dwc:namePublishedIn,dwc:namePublishedInID,dwc:namePublishedInYear,dwc:nomenclaturalCode,dwc:nomenclaturalStatus,dwc:occurrenceDetails,dwc:occurrenceID,dwc:occurrenceRemarks,dwc:occurrenceStatus,dwc:order,dwc:organismID,dwc:organismName,dwc:organismQuantity,dwc:organismQuantityType,dwc:organismRemarks,dwc:originalNameUsage,dwc:originalNameUsageID,dwc:otherCatalogNumbers,dwc:ownerInstitutionCode,dwc:parentNameUsage,dwc:phylum,dwc:pointRadiusSpatialFit,dwc:preparations,dwc:previousIdentifications,dwc:recordNumber,dwc:recordedBy,dwc:reproductiveCondition,dwc:rights,dwc:rightsHolder,dwc:sampleSizeValue,dwc:samplingEffort,dwc:samplingProtocol,dwc:scientificName,dwc:scientificNameAuthorship,dwc:scientificNameID,dwc:sex,dwc:specificEpithet,dwc:startDayOfYear,dwc:stateProvince,dwc:subgenus,dwc:taxonID,dwc:taxonRank,dwc:taxonRemarks,dwc:taxonomicStatus,dwc:typeStatus,dwc:verbatimCoordinateSystem,dwc:verbatimCoordinates,dwc:verbatimDepth,dwc:verbatimElevation,dwc:verbatimEventDate,dwc:verbatimLatitude,dwc:verbatimLocality,dwc:verbatimLongitude,dwc:verbatimSRS,dwc:verbatimTaxonRank,dwc:vernacularName,dwc:waterBody,dwc:year,flag_encoding_error,gbif:Identifier,gbif:Reference,gbif:identifiedByID,gbif:recordedByID,idigbio:recordId,obis:ExtendedMeasurementOrFact,symbiota:recordEnteredBy,symbiota:verbatimScientificName,zan:ChronometricDate
dbbd6b6d-1eb2-4517-be56-7a3548037ec6,,,,,,,,,,,,,,PhysicalObject,,,,,,,,,,,,,,PreservedSpecimen,,,139514,Actinopterygii,,Fishes,,,,,Philippines,,,,,NMNH Extant Biology,,24,,,,,,,,,,83,,,,,,Carangidae,,,,,,,Trachinotus,,,,,,,,,,,"Animalia, Chordata, Vertebrata, Osteichthyes, Actinopterygii, Neopterygii, Acanthopterygii, Perciformes, Percoidei, Carangidae","Pacific, Philippines, Philippine Archipelago, Pandanon Island",,,,,,,,,6,,,USNM,http://biocol.org/urn:lsid:biocol.org:col:34871,Pandanon Island,,Animalia,,,,,,,,,Pandanan Island; Between Cebu and Bohol,,,,,,,,,,,,3,,,,,,,,,http://n2t.net/ark:/65665/332753aae-3d10-4d34-a2c2-c755fd8f0756,"Ledger=Linen Tag 21798-21801, but the one is definitely not ""21801"" rather it is 21810.",,Perciformes,,,,,,,,,,,Chordata,,,,,,,,,,,,Trachinotus blochii,,,,blochii,83,,,,,,,,,,,,1909 Mar 24 - 0000 00 00,,,,,,,Pacific,1909,,,,,,,,,,
c38b17d7-8f16-4a99-9a45-d003c3c417dc,,,,,,,,,,,,,,PhysicalObject,,,,,,,,,,,,,,PreservedSpecimen,,,184079,Malacostraca,,Invertebrate Zoology,,,,,Philippines,,,,,NMNH Extant Biology,,,9.33,123.17,,,,,,,,121,,,,,,Penaeidae,,,,,,,Penaeus,,,"unknown, from legacy",,,,,,,,"Animalia, Arthropoda, Crustacea, Malacostraca, Eumalacostraca, Eucarida, Decapoda, Dendrobranchiata, Penaeidae","North Pacific Ocean, Philippines, Negros Oriental",,,,,,,,"Perez Farfante, Isabel, National Oceanographic And Atmospheric Administration",1,,,USNM,http://biocol.org/urn:lsid:biocol.org:col:34871,,,Animalia,,,,,,,,,"Negros Island, Tanon Strait, Binoy",,,,,,,,,,,,4,,,,,,,,,http://n2t.net/ark:/65665/396ed18d4-0895-4268-80ef-6757c1ba3c85,,,Decapoda,,,,,,,,,,,Arthropoda,,Dry,,,Fishermen,,,,,,,Penaeus monodon,Fabricius,,female,monodon,121,Negros Oriental,,,,,,,Degrees Minutes Seconds,,,,-- APR 1980,,,,,,,North Pacific Ocean,1980,,,,,,,,,,
ace88983-8701-4ca8-8906-f16f9469f89e,,,,,,,,,,,,,,PhysicalObject,,,,,,,,,,,,,,PreservedSpecimen,,,139516,Actinopterygii,,Fishes,,,,,Philippines,,,,,NMNH Extant Biology,,15,,,,,,,,,,350,,,,,,Carangidae,,,,,,,Trachinotus,,,,,,,,,,,"Animalia, Chordata, Vertebrata, Osteichthyes, Actinopterygii, Neopterygii, Acanthopterygii, Perciformes, Percoidei, Carangidae","Pacific, Philippines, Palawan, Philippine Archipelago, Busuanga Island",,,,,,,,,2,,,USNM,http://biocol.org/urn:lsid:biocol.org:col:34871,Busuanga Island,,Animalia,,,,,,,,,Port Caltom; Busuanga Island,,,,,,,,,,,,12,,,,,,,,,http://n2t.net/ark:/65665/30c8c2965-69cc-40a1-97d5-ffd9023e63b1,,,Perciformes,,,,,,,,,,,Chordata,,,,,,,,,,,,Trachinotus blochii,,,,blochii,350,Palawan,,,,,,,,,,,,,,,,,,Pacific,1908,,,,,,,,,,
9a4c6232-9927-4695-81dd-52890a4c54b7,,,,,,,,,,,,,,PhysicalObject,,,,,,,,10334054; 10334055,,,,,,PreservedSpecimen,,,194907,Actinopterygii,,Fishes,,,,,Philippines,,,,,NMNH Extant Biology,,,,,,,,,,,,,,,,,,Carangidae,,,,,,,Trachinotus,,,,,,,,,,,"Animalia, Chordata, Vertebrata, Osteichthyes, Actinopterygii, Neopterygii, Acanthopterygii, Perciformes, Percoidei, Carangidae","Pacific, Philippines",,,,,,,,,1,,,USNM,http://biocol.org/urn:lsid:biocol.org:col:34871,,,Animalia,,,,,,,,,"Philippines, Cebu Mkt.",,TT 8421,,,,,,,,,,,,,,,,,,,http://n2t.net/ark:/65665/34cbfed04-123e-40a5-b89f-6b3e8d685943,,,Perciformes,,,,,,,,,,,Chordata,,,,,,,,,,,,Trachinotus blochii,,,,blochii,,,,,,,,,,,,,0000 00 00 - 0000 00 00,,,,,,,Pacific,,,,,,,,,,,
cfdfa299-853f-44c2-b03e-ce1ef88570d5,,,,,,,,,,,,,,PhysicalObject,,,,,,,,,,,,,,PreservedSpecimen,,,286947,Malacostraca,,Invertebrate Zoology,,,,,Philippines,,,,,NMNH Extant Biology,,,,,,,,,,,,,,,,,,Penaeidae,,,,,,,Penaeus,,,,,,,,,,,"Animalia, Arthropoda, Crustacea, Malacostraca, Eumalacostraca, Eucarida, Decapoda, Dendrobranchiata, Penaeidae","North Pacific Ocean, Philippines, Rizal",,,,,,,,"Cairns, Stephen D., Smithsonian Institution, National Museum of Natural History",1,,,USNM,http://biocol.org/urn:lsid:biocol.org:col:34871,,,Animalia,,,,,,,,,"Luzon Island, Manila",,,,,,,,,,,,,,,,,,,,,http://n2t.net/ark:/65665/351ec6cd7-f403-4688-bba1-cfc3f4a19770,,,Decapoda,,,,,,,,,,,Arthropoda,,Alcohol (Ethanol),,,E. Mearns,,,,,,,Penaeus monodon,Fabricius,,male,monodon,,Rizal,,,,,,,,,,,-- --- ----,,,,,,,North Pacific Ocean,,,,,,,,,,,
e4194f18-c887-43fc-9462-06865314c0a3,,,,,,,,,,,,,,PhysicalObject,,,,,,,,,,,,,,PreservedSpecimen,,,170513,Actinopterygii,,Fishes,,,,,Philippines,,,,,NMNH Extant Biology,,,,,,,,,,,,,,,,,,Carangidae,,,,,,,Trachinotus,,,,,,,,,,,"Animalia, Chordata, Vertebrata, Osteichthyes, Actinopterygii, Neopterygii, Acanthopterygii, Perciformes, Percoidei, Carangidae","Pacific, Philippines",,,,,,,,,3,,,USNM,http://biocol.org/urn:lsid:biocol.org:col:34871,,,Animalia,,,,,,,,,P.I.: Matnog Bay,,TT 8605; TT 8606; TT 8607,,,,,,,,,,,,,,,,,,,http://n2t.net/ark:/65665/3e56f17c3-8b06-4f57-96a0-1ad3cf99c254,,,Perciformes,,,,,,,,,,,Chordata,,Unknown,,,,,,,,,,Trachinotus blochii,,,,blochii,,,,,,,,,,,,,0000 00 00 - 0000 00 00,,,,,,,Pacific,,,,,,,,,,,
39fa6e45-76d7-4dfc-b540-71460cf80c77,,,,,,,,,,,,,,PhysicalObject,,,,,,,,14707005,,,,,,PreservedSpecimen,,,125189,Mammalia,,Mammals,,Asia,,,Philippines,,,,,NMNH Extant Biology,,,,,,,,,,,,,,,,,,Bovidae,,,,,,,Bubalus,,,,,,,,,,,"Animalia, Chordata, Vertebrata, Mammalia, Eutheria, Artiodactyla, Bovidae, Bovinae","Asia, Philippines, Mindanao",,,,,,,,,1,,,USNM,http://biocol.org/urn:lsid:biocol.org:col:34871,Mindanao,,Animalia,,,,,,,,,Zamboanga,,,,,,,,,,,,,,,,,,,,,http://n2t.net/ark:/65665/377217a30-23ab-48eb-ae64-580767fbc226,,,Artiodactyla,,,,,,,,,,,Chordata,,Partial Skull,,5742,E. Mearns,,,,,,,Bubalus bubalis,,,Male,bubalis,,,,,,,,,,,,,-- -- 1903,,,,,,,,1903,,,,,,,,,,
1de11422-4b26-402d-bfb4-2b6d8ca755ff,,,,,,,,,,,,,,PhysicalObject,,,,,,,,14480092,,,,,,PreservedSpecimen,,,399509,Mammalia,,Mammals,,Asia,,,Philippines,,,,,NMNH Extant Biology,,,,,,,,,,,,,,,,,,Cercopithecidae,,,,,,,Macaca,,,,,,,,,,,"Animalia, Chordata, Vertebrata, Mammalia, Eutheria, Primates, Haplorrhini, Cercopithecidae, Cercopithecinae","Asia, Philippines",,,,,,,,,1,,,USNM,http://biocol.org/urn:lsid:biocol.org:col:34871,,,Animalia,,,,,,,,,,,,,,,,,,,,,,,,,,,,,,http://n2t.net/ark:/65665/335cdea93-c125-47e1-9ec1-8e4f944e112a,,,Primates,,,,,,,,,,,Chordata,,Skin,,FM 1008,Collector Unknown,,,,,,,Macaca fascicularis,,,Unknown,fascicularis,,,,,,,,,,,,,-- -- ----,,,,,,,,,,,,,,,,,,
ff24e0f6-372f-4bdb-9540-1b6db0aa3585,,,,,,,,,,,,,,PhysicalObject,,,,,,,,14401342,,,,,,PreservedSpecimen,,,458731,Mammalia,,Mammals,,Asia,,,Philippines,,,,,NMNH Extant Biology,,22,,,,,,,,,,112,,,,,,Cercopithecidae,,,,,,,Macaca,,,,,,,,,,Ecological remarks by collector(s): yes,"Animalia, Chordata, Vertebrata, Mammalia, Eutheria, Primates, Haplorrhini, Cercopithecidae, Cercopithecinae","Asia, Philippines, Leyte Province, Maripipi Island",,,,,,,,,1,,,USNM,http://biocol.org/urn:lsid:biocol.org:col:34871,Maripipi Island,,Animalia,,,,,,,,,Maripipi,,,,,,,,,,,,4,,,,,,,,,http://n2t.net/ark:/65665/39fb4f8a9-3f02-4954-b20b-ec7c1ff37d0b,,,Primates,,,,,,,,,,,Chordata,,Skull,,PDH 3438,P. Heideman,,,,,,,Macaca fascicularis,,,Unknown,fascicularis,112,Leyte Province,,,,,,,,,,,22 Apr 1987,,,,,,,,1987,,,,,,,,,,
d09449c9-31b5-4ee6-b201-5335420ef28a,,,,,,,,,,,,,,PhysicalObject,,,,,,,,14401357,,,,,,PreservedSpecimen,,,459064,Mammalia,,Mammals,,Asia,,,Philippines,,,,,NMNH Extant Biology,,7,10.7667,124.817,,,,,,,,97,,,,,,Pteropodidae,,,,,,,Eonycteris,,,,,,,,,,Ecological remarks by collector(s): yes,"Animalia, Chordata, Vertebrata, Mammalia, Eutheria, Chiroptera, Pteropodidae","Asia, Philippines, Leyte Province, Leyte Island",,,,,,,,,1,,,USNM,http://biocol.org/urn:lsid:biocol.org:col:34871,Leyte Island,,Animalia,,,,,,,,,"Baybay, 8.5 Km N, 2.5 Km E, Mt. Pangasugan",,,,,,,,,,500.0,,4,,,,,,,,,http://n2t.net/ark:/65665/3390dc3f1-91fa-42f1-afe2-761ed288a04c,,,Chiroptera,,,,,,,,,,,Chordata,,Fluid,,LRH 3135,L. Heaney,,,,,,,Eonycteris spelaea,,,Female,spelaea,97,Leyte Province,,,,,,,Degrees Minutes Seconds,,,,7 Apr 1987,10 46 00 N,,124 49 00 E,,,,,1987,,,,,,,,,,
0bfab92f-8a9e-4db5-9fd0-e5c7988317ff,,,,,,,,,,,,,,PhysicalObject,,,,,,,,14677397,,,,,,PreservedSpecimen,,,151603,Mammalia,,Mammals,,Asia,,,Philippines,,,,,NMNH Extant Biology,,,,,,,,,,,,,,,,,,Bovidae,,,,,,,Bubalus,,,,,,,,,,,"Animalia, Chordata, Vertebrata, Mammalia, Eutheria, Artiodactyla, Bovidae, Bovinae","Asia, Philippines, Luzon",,,,,,,,,1,,,USNM,http://biocol.org/urn:lsid:biocol.org:col:34871,Luzon,,Animalia,,,,,,,Juvenile,,Northern Luzon,,,,,,,,,,,,,,,,,,,,,http://n2t.net/ark:/65665/3d6876441-9008-4b45-80ba-c369603feef5,,,Artiodactyla,,,,,,,,,,,Chordata,,Skin; Skull,,No Number,E. Babbitt & G. Chase,,,,,,,Bubalus bubalis,,,Male,bubalis,,,,,,,,,,,,,-- -- 1907,,,,,,,,1907,,,,,,,,,,
efac0658-24c0-4006-956c-df8c406d13ee,,,,,,,,,,,,,,PhysicalObject,,,,,,,,13907610,,,,,,PreservedSpecimen,,,579844,Mammalia,,Mammals,,Asia,,,Philippines,,Second,,,NMNH Extant Biology,,9,12.743,121.824,,,,,,,,99,,,,,,Pteropodidae,,,,,,,Eonycteris,WGS84,,Google Earth,,,,,,,Ecological remarks by collector(s): no,"Animalia, Chordata, Vertebrata, Mammalia, Eutheria, Chiroptera, Pteropodidae","Asia, Philippines, Palawan Province, Second, Palawan, Palawan",,,,,,,,,1,,,USNM,http://biocol.org/urn:lsid:biocol.org:col:34871,Palawan,,Animalia,,,,,,,,,"Quezon Municipality, Quezon Poblacion, National Museum Of The Philippines Quezon Field Station Compound [Tabon Cave Complex]",,,,,,,,,,,,4,,,,,,,,,http://n2t.net/ark:/65665/3c74919b1-a455-4563-85e3-5cda6664c564,,,Chiroptera,,,,,,,,,,,Chordata,,Fluid,,122606,C. Ross,,,,,,,Eonycteris spelaea,,,Male,spelaea,99,Palawan Province,,,,,,,,,,,9 Apr 1987,,,,,,,,1987,,,,,,,,,,
787b8928-2e32-4d2e-a196-6f71c2148988,,,,,,,,,,,,,,PhysicalObject,,,,,,,,14601071,,,,,,PreservedSpecimen,,,254470,Mammalia,,Mammals,,Asia,,,Philippines,,,,,NMNH Extant Biology,,22,,,,,,,,,,112,,,,,,Cercopithecidae,,,,,,,Macaca,,,,,,,,,,,"Animalia, Chordata, Vertebrata, Mammalia, Eutheria, Primates, Haplorrhini, Cercopithecidae, Cercopithecinae","Asia, Philippines",,,,,,,,,1,,,USNM,http://biocol.org/urn:lsid:biocol.org:col:34871,,,Animalia,,,,,,,Juvenile,,,,,,,,,,,,,,4,,,,,,,,,http://n2t.net/ark:/65665/390598fad-46d9-4496-9573-36b79f6e08e8,,,Primates,,,,,,,,,,,Chordata,,Fluid,,No Number,H. Kellers,,,,,,,Macaca fascicularis,,,Male,fascicularis,112,,,,,,,,,,,,22 Apr 1929,,,,,,,,1929,,,,,,,,,,
091ae661-2891-4b66-a6b6-846a042ef3df,,,,,,,,,,,,,,PhysicalObject,,,,,,,,14401315,,,,,,PreservedSpecimen,,,458085,Mammalia,,Mammals,,Asia,,,Philippines,,,,,NMNH Extant Biology,,19,9.72,124.12,,,,,,,,170,,,,,,Pteropodidae,,,,,,,Eonycteris,,,,,,,,,,Ecological remarks by collector(s): yes,"Animalia, Chordata, Vertebrata, Mammalia, Eutheria, Chiroptera, Pteropodidae","Asia, Philippines, Bohol Province, Bohol Island",,,,,,,,,1,,,USNM,http://biocol.org/urn:lsid:biocol.org:col:34871,Bohol Island,,Animalia,,,,,,,,,"Bilar, 1 Km S, 1 Km E",,,,,,,,,,320.0,,6,,,,,,,,,http://n2t.net/ark:/65665/3db1208f0-a851-4173-84d7-7cb4a93f7916,,,Chiroptera,,,,,,,,,,,Chordata,,Skull; Skeleton,,PDH 3687,P. Heideman,,,,,,,Eonycteris spelaea,,,Female,spelaea,170,Bohol Province,,,,,,,Degrees Minutes Seconds,,,,19 Jun 1987,0943--N,,12407--E,,,,,1987,,,,,,,,,,
44a0f518-b1e3-47aa-b45b-de7aec85de1a,,,,,,,,,,,,,,PhysicalObject,,,,,,,,14600861,,,,,,PreservedSpecimen,,,259310,Mammalia,,Mammals,,Asia,,,Philippines,,,,,NMNH Extant Biology,,,,,,,,,,,,,,,,,,Cercopithecidae,,,,,,,Macaca,,,,,,,,,,,"Animalia, Chordata, Vertebrata, Mammalia, Eutheria, Primates, Haplorrhini, Cercopithecidae, Cercopithecinae","Asia, Philippines, Mindanao",,,,,,,,,1,,,USNM,http://biocol.org/urn:lsid:biocol.org:col:34871,Mindanao,,Animalia,,,,,,,,,Zamboanga Island,,,,,,,,,,,,,,,,,,,,,http://n2t.net/ark:/65665/359d5536d-a63c-4c05-a5b2-0b67f66f6567,,,Primates,,,,,,,,,,,Chordata,,Fluid,,No Number,S. Schwartz,,,,,,,Macaca fascicularis,,,Female,fascicularis,,,,,,,,,,,,,-- -- ----,,,,,,,,,,,,,,,,,,
575c3ffd-61f7-43f8-98a8-9459d8ce94f2,,,,,,,,,,,,,,PhysicalObject,,,,,,,,14842466,,,,,,PreservedSpecimen,,,583213,Mammalia,,Mammals,,Asia,,,Philippines,,,,,NMNH Extant Biology,,11,,,,,,,,,,101,,,,,,Pteropodidae,,,,,,,Eonycteris,,,,,,,,,,Ecological remarks by collector(s): no,"Animalia, Chordata, Vertebrata, Mammalia, Eutheria, Chiroptera, Pteropodidae","Asia, Philippines, Negros Oriental Province, Negros",,,,,,,,,1,,,USNM,http://biocol.org/urn:lsid:biocol.org:col:34871,Negros,,Animalia,,,,,,,,,"Valencia Municipality, Bario Bong Bong, Camp Lookout",,,,,,,,,,,,4,,,,,,,,,http://n2t.net/ark:/65665/39b92b130-6ec3-4e91-a254-3425212c5edf,,,Chiroptera,,,,,,,,,,,Chordata,,Skull; Skeleton,,USNM HERP 123015,C. Ross,,,,,,,Eonycteris spelaea,,,Male,spelaea,101,Negros Oriental Province,,,,,,,,,,,11 Apr 1987,,,,,,,,1987,,,,,,,,,,
c08910ed-98f4-4d7d-8b7e-8ad2967941a6,,,,,,,,,,,,,,PhysicalObject,,,,,,,,,,,,,,PreservedSpecimen,,,346665,Actinopterygii,,Fishes,,Asia,,,Philippines,,,,,NMNH Extant Biology,,20,14.7656,121.635,,,,,,,,202,,,,,,Carangidae,,,,,,,Trachinotus,,,,,,,,,,,"Animalia, Chordata, Vertebrata, Osteichthyes, Actinopterygii, Neopterygii, Acanthopterygii, Perciformes, Percoidei, Carangidae","Asia, Philippines, Quezon , Luzon",,,,,,,,,1,,,USNM,http://biocol.org/urn:lsid:biocol.org:col:34871,Luzon,,Animalia,,,,,,,,,"Philippines: Quezon, Gen. Nakar, Agos River, Brgy. Anoling",,,,,,8.0,,,3.0,,,7,,,,,,,,,http://n2t.net/ark:/65665/36e3d4345-821b-4f62-8ba3-6035ece40ae8,Local name: lawihan,,Perciformes,,,,,,,,,,,Chordata,,,,,E. Carumbana & A. Pescasio,,,,,,,Trachinotus blochii,,,,blochii,202,Quezon,,,,,,,Degrees Minutes Seconds,,,,1996 Jul 20 - 0000 00 00; 10:00 - 14:00,144556N,,1213807E,,,,,1996,,,,,,,,,,
eda85027-7d79-42a6-8fce-2f1b658feb72,,,,,,,,,,,,,,PhysicalObject,,,,,,,,,,,,,,PreservedSpecimen,,,139513,Actinopterygii,,Fishes,,,,,Philippines,,Taytay,,,NMNH Extant Biology,,22,,,,,,,,,,357,,,,,,Carangidae,,,,,,,Trachinotus,,,,,,,,,,,"Animalia, Chordata, Vertebrata, Osteichthyes, Actinopterygii, Neopterygii, Acanthopterygii, Perciformes, Percoidei, Carangidae","Pacific, Malampaya Sound, Philippines, Palawan, Taytay, Philippine Archipelago, Palawan",,,,,,,,,8,,,USNM,http://biocol.org/urn:lsid:biocol.org:col:34871,Palawan,,Animalia,,,,,,,,,"North end of Endeavor Strait, Northwest coast of Palawan, Limunancong; Malampaya Sound, Palawan Island",,,,,,2.0,,,2.0,,,12,,,,,,,,,http://n2t.net/ark:/65665/39e604955-3ac1-49fa-b091-15e4e198820f,,,Perciformes,,,,,,,,,,,Chordata,,,,,,,,,,,,Trachinotus blochii,,,,blochii,357,Palawan,,,,,,,,,,,,,,,,,,"Pacific, Malampaya Sound",1908,,,,,,,,,,
f3d4e7b6-8a71-4390-95b2-6b7e38a764f8,,,,,,,,,,,,,,PhysicalObject,,,,,,,,14401315,,,,,,PreservedSpecimen,,,458096,Mammalia,,Mammals,,Asia,,,Philippines,,,,,NMNH Extant Biology,,26,10.75,124.78,,,,,,,,85,,,,,,Pteropodidae,,,,,,,Eonycteris,,,,,,,,,,Ecological remarks by collector(s): yes,"Animalia, Chordata, Vertebrata, Mammalia, Eutheria, Chiroptera, Pteropodidae","Asia, Philippines, Leyte Province, Leyte Island",,,,,,,,,1,,,USNM,http://biocol.org/urn:lsid:biocol.org:col:34871,Leyte Island,,Animalia,,,,,,,,,"Baybay, 7 Km N, Visca Campus",,,,,,,,,,10.0,,3,,,,,,,,,http://n2t.net/ark:/65665/30feb160b-28e1-4dee-95e1-4734e60d1e49,,,Chiroptera,,,,,,,,,,,Chordata,,Skull; Skeleton,,RBU 0157,R. Utzurrum,,,,,,,Eonycteris spelaea,,,Male,spelaea,85,Leyte Province,,,,,,,Degrees Minutes Seconds,,,,26 Mar 1987,1045--N,,12447--E,,,,,1987,,,,,,,,,,
d35fcf5b-7ac4-42ca-b0a0-8012507285cf,,,,,,,,,,,,,,PhysicalObject,,,,,,,,14677394,,,,,,PreservedSpecimen,,,151522,Mammalia,,Mammals,,Asia,,,Philippines,,,,,NMNH Extant Biology,,2,,,,,,,,,,214,,,,,,Suidae,,,,,,,Sus,,,,,,,,,,,"Animalia, Chordata, Vertebrata, Mammalia, Eutheria, Artiodactyla, Suidae, Suinae","Asia, Philippines, Benguet Province, Luzon",,,,,,,,,1,,,USNM,http://biocol.org/urn:lsid:biocol.org:col:34871,Luzon,,Animalia,,,,,,,Juvenile,,Haights In the Oaks,,,,,,,,,,,,8,,,,,,,,,http://n2t.net/ark:/65665/3bbf367b7-46bd-4bb3-8e35-48a08f2ca082,,,Artiodactyla,,,,,,,,,,,Chordata,,Skin; Skull,,6541,E. Mearns,,,,,,,Sus scrofa,,,Male,scrofa,214,Benguet Province,,,,,,,,,,,2 Aug 1907,,,,,,,,1907,,,,,,,,,,
3ccb6dad-a078-4ce9-8eec-bc8a1be00004,,,,,,,,,,,,,,PhysicalObject,,,,,,,,14401357,,,,,,PreservedSpecimen,,,459061,Mammalia,,Mammals,,Asia,,,Philippines,,,,,NMNH Extant Biology,,19,10.4667,124.75,,,,,,,,78,,,,,,Pteropodidae,,,,,,,Eonycteris,,,,,,,,,,Ecological remarks by collector(s): yes,"Animalia, Chordata, Vertebrata, Mammalia, Eutheria, Chiroptera, Pteropodidae","Asia, Philippines, Leyte Province, Leyte Island",,,,,,,,,1,,,USNM,http://biocol.org/urn:lsid:biocol.org:col:34871,Leyte Island,,Animalia,,,,,,,Juvenile,,"Inopacan, 4 Km S, 1 Km E, Cathedral Cave",,,,,,,,,,50.0,,3,,,,,,,,,http://n2t.net/ark:/65665/339cb1006-611a-4980-91b1-6f350c09e2ec,,,Chiroptera,,,,,,,,,,,Chordata,,Fluid,,LRH 3018,L. Heaney,,,,,,,Eonycteris spelaea,,,Female,spelaea,78,Leyte Province,,,,,,,Degrees Minutes Seconds,,,,19 Mar 1987,10 28 00 N,,124 45 00 E,,,,,1987,,,,,,,,,,
12759e25-44e1-452c-bded-2d267053893f,,,,,,,,,,,,,,PhysicalObject,,,,,,,,14401315,,,,,,PreservedSpecimen,,,458089,Mammalia,,Mammals,,Asia,,,Philippines,,,,,NMNH Extant Biology,,4,10.47,124.75,,,,,,,,63,,,,,,Pteropodidae,,,,,,,Eonycteris,,,,,,,,,,Ecological remarks by collector(s): yes,"Animalia, Chordata, Vertebrata, Mammalia, Eutheria, Chiroptera, Pteropodidae","Asia, Philippines, Leyte Province, Leyte Island",,,,,,,,,1,,,USNM,http://biocol.org/urn:lsid:biocol.org:col:34871,Leyte Island,,Animalia,,,,,,,,,"Inopacan, 4 Km S, 1 Km E",,,,,,,,,,50.0,,3,,,,,,,,,http://n2t.net/ark:/65665/3a57d52cf-4b19-42a1-9015-f7d22e22631d,,,Chiroptera,,,,,,,,,,,Chordata,,Skin; Skull; Skeleton,,EAR 1305,E. Rickart,,,,,,,Eonycteris spelaea,,,Male,spelaea,63,Leyte Province,,,,,,,Degrees Minutes Seconds,,,,4 Mar 1987,10 28 -- N,,124 45 -- E,,,,,1987,,,,,,,,,,
adbda33f-5936-4625-9c85-b51fca8c5e0e,,,,,,,,,,,,,,PhysicalObject,,,,,,,,14600861,,,,,,PreservedSpecimen,,,259309,Mammalia,,Mammals,,Asia,,,Philippines,,,,,NMNH Extant Biology,,,,,,,,,,,,,,,,,,Cercopithecidae,,,,,,,Macaca,,,,,,,,,,,"Animalia, Chordata, Vertebrata, Mammalia, Eutheria, Primates, Haplorrhini, Cercopithecidae, Cercopithecinae","Asia, Philippines, Mindanao",,,,,,,,,1,,,USNM,http://biocol.org/urn:lsid:biocol.org:col:34871,Mindanao,,Animalia,,,,,,,,,Zamboanga Island,,,,,,,,,,,,,,,,,,,,,http://n2t.net/ark:/65665/30f9bc96f-418a-4be7-84c5-d59238e66e7d,,,Primates,,,,,,,,,,,Chordata,,Fluid,,No Number,S. Schwartz,,,,,,,Macaca fascicularis,,,Male,fascicularis,,,,,,,,,,,,,-- -- ----,,,,,,,,,,,,,,,,,,
d45f2b3c-744c-4733-89fa-fa82493d4e35,,,,,,,,,,,,,,PhysicalObject,,,,,,,,14401315,,,,,,PreservedSpecimen,,,458086,Mammalia,,Mammals,,Asia,,,Philippines,,,,,NMNH Extant Biology,,19,10.47,124.75,,,,,,,,78,,,,,,Pteropodidae,,,,,,,Eonycteris,,,,,,,,,,Ecological remarks by collector(s): no,"Animalia, Chordata, Vertebrata, Mammalia, Eutheria, Chiroptera, Pteropodidae","Asia, Philippines, Leyte Province, Leyte Island",,,,,,,,,1,,,USNM,http://biocol.org/urn:lsid:biocol.org:col:34871,Leyte Island,,Animalia,,,,,,,,,"Inopacan, 4 Km S, 1 Km E, Cathedral Cave",,,,,,,,,,50.0,,3,,,,,,,,,http://n2t.net/ark:/65665/344adb961-b54f-47a0-ac1b-86e6c2434991,,,Chiroptera,,,,,,,,,,,Chordata,,Skin; Skull; Skeleton,,LRH 3020,L. Heaney,,,,,,,Eonycteris spelaea,,,Female,spelaea,78,Leyte Province,,,,,,,Degrees Minutes Seconds,,,,19 Mar 1987,1028--N,,12445--E,,,,,1987,,,,,,,,,,
802c2b1c-ca58-4f5f-9dca-b13336d222cd,,,,,,,,,,,,,,PhysicalObject,,,,,,,,13907610,,,,,,PreservedSpecimen,,,579849,Mammalia,,Mammals,,Asia,,,Philippines,,Second,,,NMNH Extant Biology,,9,12.743,121.824,,,,,,,,99,,,,,,Pteropodidae,,,,,,,Eonycteris,WGS84,,Google Earth,,,,,,,Ecological remarks by collector(s): no,"Animalia, Chordata, Vertebrata, Mammalia, Eutheria, Chiroptera, Pteropodidae","Asia, Philippines, Palawan Province, Second, Palawan, Palawan",,,,,,,,,1,,,USNM,http://biocol.org/urn:lsid:biocol.org:col:34871,Palawan,,Animalia,,,,,,,,,"Quezon Municipality, Quezon Poblacion, National Museum Of The Philippines Quezon Field Station Compound [Tabon Cave Complex]",,,,,,,,,,,,4,,,,,,,,,http://n2t.net/ark:/65665/355ebb184-f0b1-4c08-b70a-b6064ea8e1bf,,,Chiroptera,,,,,,,,,,,Chordata,,Fluid,,122611,C. Ross,,,,,,,Eonycteris spelaea,,,Male,spelaea,99,Palawan Province,,,,,,,,,,,9 Apr 1987,,,,,,,,1987,,,,,,,,,,
10d9deda-af58-4bae-b6a4-03482f59175b,,,,,,,,,,,,,,PhysicalObject,,,,,,,,14401357,,,,,,PreservedSpecimen,,,459058,Mammalia,,Mammals,,Asia,,,Philippines,,,,,NMNH Extant Biology,,27,10.75,124.783,,,,,,,,86,,,,,,Pteropodidae,,,,,,,Eonycteris,,,,,,,,,,Ecological remarks by collector(s): yes,"Animalia, Chordata, Vertebrata, Mammalia, Eutheria, Chiroptera, Pteropodidae","Asia, Philippines, Leyte Province, Leyte Island",,,,,,,,,1,,,USNM,http://biocol.org/urn:lsid:biocol.org:col:34871,Leyte Island,,Animalia,,,,,,,,,"Baybay, 7 Km N, Visca Campus",,,,,,,,,,10.0,,3,,,,,,,,,http://n2t.net/ark:/65665/3b0fa33e9-e3a9-4e59-a25b-238584ce0d75,,,Chiroptera,,,,,,,,,,,Chordata,,Skull; Remainder in Fluid,,JSHK 38,J. Klompen,,,,,,,Eonycteris spelaea,,,Female,spelaea,86,Leyte Province,,,,,,,Degrees Minutes Seconds,,,,27 Mar 1987,10 45 00 N,,124 47 00 E,,,,,1987,,,,,,,,,,
8d144324-48e6-4ba3-be69-adb04e925169,,,,,,,,,,,,,,PhysicalObject,,,,,,,,,,,,,,PreservedSpecimen,,,286956,Malacostraca,,Invertebrate Zoology,,,,,Philippines,,,,,NMNH Extant Biology,,14,,,,,,,,,,14,,,,,,Penaeidae,,USFC/A5359C,,,,,Penaeus,,,,,,,,,,,"Animalia, Arthropoda, Crustacea, Malacostraca, Eumalacostraca, Eucarida, Decapoda, Dendrobranchiata, Penaeidae","North Pacific Ocean, Sulu Sea, Philippines",,,,cf.,,,,"Cairns, Stephen D., Smithsonian Institution, National Museum of Natural History",2,,,USNM,http://biocol.org/urn:lsid:biocol.org:col:34871,,,Animalia,,,,,,,,,"Guimaras Island, vicinity of Buena Vista",,5359C,,,,9.0,,,6.0,,,1,,,,,,,,,http://n2t.net/ark:/65665/3c1d98ed8-f841-4b02-ae5e-63b325c4a2b1,,,Decapoda,,,,,,,,,,,Arthropoda,,Alcohol (Ethanol),,,United States Fish Commission,,,,,,,Penaeus monodon,Fabricius,,,monodon,14,,,,,,,,,,,,,,,,,,,"North Pacific Ocean, Sulu Sea",1909,,,,,,,,,,
41182c5f-55d2-4fb3-98cf-42c8166b6acc,,,,,,,,,,,,,,PhysicalObject,,,"[{""coreid"": ""http://n2t.net/ark:/65665/33a417650-24e2-4029-858e-bfc988ddec89"", ""dwc:relatedResourceID"": ""http://n2t.net/ark:/65665/3f5091c1c-0336-4d6e-a68b-197ae309922d"", ""dwc:relationshipRemarks"": ""relatedResourceID resolves to NMNH public data and is GGBN occurrenceID"", ""dwc:relationshipAccordingTo"": ""NMNH, Smithsonian Institution"", ""dwc:relationshipOfResource"": ""Material sample""}]",,,,,13002214,,,,,,PreservedSpecimen,,,443228,Actinopterygii,,Fishes,,,,150000,Philippines,,,,,NMNH Extant Biology,,12,15.1293,119.708,,,,,,,,194,,,,,,Carangidae,,PHISH-2016-40,,,,,Trachinotus,WGS 1984 (WGS 84),,Google Earth,,,,,,,,"Animalia, Chordata, Vertebrata, Osteichthyes, Actinopterygii, Neopterygii, Acanthopterygii, Perciformes, Percoidei, Carangidae","Pacific, Philippines, Zambales, Philippine Archipelago, Luzon",,,,,,,,"Williams, Jeffrey T.",1,,,USNM,http://biocol.org/urn:lsid:biocol.org:col:34871,Luzon,,Animalia,,,,,,,,,"Philippines, Luzon, Zambales, Iba City Market. Vendors claim catch originated from South China Sea.",,,,,,,,,,,,7,,,,,,,,,http://n2t.net/ark:/65665/33a417650-24e2-4029-858e-bfc988ddec89,,,Perciformes,,,,,,,,,,,Chordata,,Photograph,,PHISH-388,"Local Fishermen, J. Williams, K. Carpenter, N. Flores & P. Dicdiquin",,,,,,,Trachinotus blochii,,,,blochii,194,Zambales,,,,,,,,,,,,15.129259,,119.708113,,,,Pacific,2016,,,,,,,,,,
d6d32fb3-d593-45e1-8cb2-1698d6a8e049,,,,,,,,,,,,,,PhysicalObject,,,,,,,,,,,,,,PreservedSpecimen,,,139515,Actinopterygii,,Fishes,,,,,Philippines,,,,,NMNH Extant Biology,,23,,,,,,,,,,82,,,,,,Carangidae,,,,,,,Trachinotus,,,,,,,,,,,"Animalia, Chordata, Vertebrata, Osteichthyes, Actinopterygii, Neopterygii, Acanthopterygii, Perciformes, Percoidei, Carangidae","Pacific, Philippines, Bohol, Philippine Archipelago, Central Visayas, Pandanon Island",,,,,,,,"Berry, Frederick H.",4,,,USNM,http://biocol.org/urn:lsid:biocol.org:col:34871,Pandanon Island,Central Visayas,Animalia,,,,,,,,,Pandanon Island; Between Cebu and Bohol,,,,,,2.0,,,2.0,,,3,,,,,,,,,http://n2t.net/ark:/65665/3837bc59d-f49e-4989-bb6f-c8210d29929b,Only four of the original seven specimens were found inside the jar. The Ledger book notes that three of the original specimens were re-catalogued as USNM 202130. The Ledger book notes that these specimens are young.,,Perciformes,,,,,,,,,,,Chordata,,,,,,,,,,,,Trachinotus blochii,,,,blochii,82,Bohol,,,,,,,,,,,1909 Mar 23 - 0000 00 00; 14:30 - 20:00,,,,,,,Pacific,1909,,,,,,,,,,
ada4042b-a7a4-4985-b565-fcba56f2ffb1,,,,,,,,,,,,,,PhysicalObject,,,"[{""coreid"": ""http://n2t.net/ark:/65665/3a2a983b7-3b49-422c-8ea7-d6a469fcf79c"", ""dwc:relatedResourceID"": ""http://n2t.net/ark:/65665/3009852ed-40fe-4e3a-9b8e-57ed2580cdfc"", ""dwc:relationshipRemarks"": ""relatedResourceID resolves to NMNH public data and is GGBN occurrenceID"", ""dwc:relationshipAccordingTo"": ""NMNH, Smithsonian Institution"", ""dwc:relationshipOfResource"": ""Material sample""}, {""coreid"": ""http://n2t.net/ark:/65665/3a2a983b7-3b49-422c-8ea7-d6a469fcf79c"", ""dwc:relatedResourceID"": ""http://n2t.net/ark:/65665/351c2e010-ad72-469a-a7e1-fd68c5f4dd66"", ""dwc:relationshipRemarks"": ""relatedResourceID resolves to NMNH public data and is GGBN occurrenceID"", ""dwc:relationshipAccordingTo"": ""NMNH, Smithsonian Institution"", ""dwc:relationshipOfResource"": ""Material sample""}]",,,,,10030853; 10334465; 10334464,,,,,,PreservedSpecimen,,,403185,Actinopterygii,,Fishes,,,,,Philippines,,,,,NMNH Extant Biology,,23,14.5758,120.969,,,,,,,,143,,,,,,Carangidae,,PI-2011-03,,,,,Trachinotus,,,On-line Gazetteer,,,,,,,,"Animalia, Chordata, Vertebrata, Osteichthyes, Actinopterygii, Neopterygii, Acanthopterygii, Perciformes, Percoidei, Carangidae","Pacific, Philippines",,,,,,,,,1,,,USNM,http://biocol.org/urn:lsid:biocol.org:col:34871,,,Animalia,,,,,,,,,"Philippines, Metro Manila, Cubao, farmer's market",,,,,,,,,,,,5,,,,,,,,,http://n2t.net/ark:/65665/3a2a983b7-3b49-422c-8ea7-d6a469fcf79c,SL = 200 mm,,Perciformes,,,,,,,,,,,Chordata,,Photograph,,PI-0185,J. Williams & K. Carpenter,,,,,,,Trachinotus blochii,,,,blochii,143,,,,,,,,,,,,,14 34 33 N,,120 58 9 E,,,,Pacific,2011,,,,,,,,,,
9132f3b5-9ffc-42f4-8565-b914560722af,,,,,,,,,,,,,,PhysicalObject,,,,,,,,14401357,,,,,,PreservedSpecimen,,,459056,Mammalia,,Mammals,,Asia,,,Philippines,,,,,NMNH Extant Biology,,4,10.4667,124.75,,,,,,,,63,,,,,,Pteropodidae,,,,,,,Eonycteris,,,,,,,,,,Ecological remarks by collector(s): yes,"Animalia, Chordata, Vertebrata, Mammalia, Eutheria, Chiroptera, Pteropodidae","Asia, Philippines, Leyte Province, Leyte Island",,,,,,,,,1,,,USNM,http://biocol.org/urn:lsid:biocol.org:col:34871,Leyte Island,,Animalia,,,,,,,Young,,"Inopacan, 4 Km S, Cathedral Cave",,,,,,,,,,50.0,,3,,,,,,,,,http://n2t.net/ark:/65665/3cc6b24b1-cd6d-45ce-a917-77246be0dd76,,,Chiroptera,,,,,,,,,,,Chordata,,Fluid,,EAR 1311,E. Rickart,,,,,,,Eonycteris spelaea,,,Male,spelaea,63,Leyte Province,,,,,,,Degrees Minutes Seconds,,,,4 Mar 1987,10 28 00 N,,124 45 00 E,,,,,1987,,,,,,,,,,
c5c322b8-ff18-445f-a7aa-d474c13d4686,,,,,,,,,,,,,,PhysicalObject,,,,,,,,14401357,,,,,,PreservedSpecimen,,,459053,Mammalia,,Mammals,,Asia,,,Philippines,,,,,NMNH Extant Biology,,18,9.7167,124.117,,,,,,,,169,,,,,,Pteropodidae,,,,,,,Eonycteris,,,,,,,,,,Ecological remarks by collector(s): yes,"Animalia, Chordata, Vertebrata, Mammalia, Eutheria, Chiroptera, Pteropodidae","Asia, Philippines, Bohol Province, Bohol Island",,,,,,,,,1,,,USNM,http://biocol.org/urn:lsid:biocol.org:col:34871,Bohol Island,,Animalia,,,,,,,,,"Bilar, 1 Km S, 1 Km E",,,,,,,,,,320.0,,6,,,,,,,,,http://n2t.net/ark:/65665/378491bb4-0aa1-49cd-9629-1c8f1fed851e,,,Chiroptera,,,,,,,,,,,Chordata,,Fluid,,LRH 3705,L. Heaney,,,,,,,Eonycteris spelaea,,,Female,spelaea,169,Bohol Province,,,,,,,Degrees Minutes Seconds,,,,18 Jun 1987,09 43 00 N,,124 07 00 E,,,,,1987,,,,,,,,,,
dcb929d4-1ecb-475b-b258-ba50a9db5d08,,,,,,,,,,,,,,PhysicalObject,,,,,,,,14677397,,,,,,PreservedSpecimen,,,151602,Mammalia,,Mammals,,Asia,,,Philippines,,,,,NMNH Extant Biology,,,,,,,,,,,,,,,,,,Bovidae,,,,,,,Bubalus,,,,,,,,,,,"Animalia, Chordata, Vertebrata, Mammalia, Eutheria, Artiodactyla, Bovidae, Bovinae","Asia, Philippines, Luzon",,,,,,,,,1,,,USNM,http://biocol.org/urn:lsid:biocol.org:col:34871,Luzon,,Animalia,,,,,,,,,N Luzon,,,,,,,,,,,,,,,,,,,,,http://n2t.net/ark:/65665/3dea7570f-80d7-4f5b-89f3-be0e808f8bc5,,,Artiodactyla,,,,,,,,,,,Chordata,,Skin; Skull,,No Number,G. Chase & E. Babbitt,,,,,,,Bubalus bubalis,,,Unknown,bubalis,,,,,,,,,,,,,-- -- 1907,,,,,,,,1907,,,,,,,,,,
93bcfd08-a498-4a87-8777-5cc95ac71617,,,,,,,,,,,,,,PhysicalObject,,,,,,,,14401315,,,,,,PreservedSpecimen,,,458088,Mammalia,,Mammals,,Asia,,,Philippines,,,,,NMNH Extant Biology,,4,10.47,124.75,,,,,,,,63,,,,,,Pteropodidae,,,,,,,Eonycteris,,,,,,,,,,Ecological remarks by collector(s): yes,"Animalia, Chordata, Vertebrata, Mammalia, Eutheria, Chiroptera, Pteropodidae","Asia, Philippines, Leyte Province, Leyte Island",,,,,,,,,1,,,USNM,http://biocol.org/urn:lsid:biocol.org:col:34871,Leyte Island,,Animalia,,,,,,,,,"Inopacan, 4 Km S, 1 Km E",,,,,,,,,,50.0,,3,,,,,,,,,http://n2t.net/ark:/65665/31be64150-b547-4eb4-8257-205e2a849d94,,,Chiroptera,,,,,,,,,,,Chordata,,Skin; Skull; Skeleton,,EAR 1303,E. Rickart,,,,,,,Eonycteris spelaea,,,Female,spelaea,63,Leyte Province,,,,,,,Degrees Minutes Seconds,,,,4 Mar 1987,10 28 -- N,,124 45 -- E,,,,,1987,,,,,,,,,,
f7d3f2c8-92b9-49cb-a123-5255de8fb939,,,,,,,,,,,,,,PhysicalObject,,,,,,,,14401342,,,,,,PreservedSpecimen,,,458730,Mammalia,,Mammals,,Asia,,,Philippines,,,,,NMNH Extant Biology,,22,,,,,,,,,,112,,,,,,Cercopithecidae,,,,,,,Macaca,,,,,,,,,,Ecological remarks by collector(s): yes,"Animalia, Chordata, Vertebrata, Mammalia, Eutheria, Primates, Haplorrhini, Cercopithecidae, Cercopithecinae","Asia, Philippines, Leyte Province, Maripipi Island",,,,,,,,,1,,,USNM,http://biocol.org/urn:lsid:biocol.org:col:34871,Maripipi Island,,Animalia,,,,,,,,,Maripipi,,,,,,,,,,,,4,,,,,,,,,http://n2t.net/ark:/65665/38ddf8038-b971-42f6-a70b-fce89dd59c0a,,,Primates,,,,,,,,,,,Chordata,,Partial Skull,,PDH 3437,P. Heideman,,,,,,,Macaca fascicularis,,,Unknown,fascicularis,112,Leyte Province,,,,,,,,,,,22 Apr 1987,,,,,,,,1987,,,,,,,,,,
4db46ac7-0167-4bf3-bc52-4d38ef45b02e,,,,,,,,,,,,,,PhysicalObject,,,,,,,,14401357,,,,,,PreservedSpecimen,,,459054,Mammalia,,Mammals,,Asia,,,Philippines,,,,,NMNH Extant Biology,,21,9.7167,124.117,,,,,,,,172,,,,,,Pteropodidae,,,,,,,Eonycteris,,,,,,,,,,Ecological remarks by collector(s): yes,"Animalia, Chordata, Vertebrata, Mammalia, Eutheria, Chiroptera, Pteropodidae","Asia, Philippines, Bohol Province, Bohol Island",,,,,,,,,1,,,USNM,http://biocol.org/urn:lsid:biocol.org:col:34871,Bohol Island,,Animalia,,,,,,,,,"Bilar, 1 Km S, 1 Km E",,,,,,,,,,320.0,,6,,,,,,,,,http://n2t.net/ark:/65665/300835751-3e35-411d-9f74-7f3141316f3a,,,Chiroptera,,,,,,,,,,,Chordata,,Fluid,,LRH 3778,L. Heaney,,,,,,,Eonycteris spelaea,,,Male,spelaea,172,Bohol Province,,,,,,,Degrees Minutes Seconds,,,,21 Jun 1987,09 43 00 N,,124 07 00 E,,,,,1987,,,,,,,,,,
f45198b9-d78b-4d84-a7b5-73212070a65d,,,,,,,,,,,,,,PhysicalObject,,,,,,,,13940761,,,,https://www.ncbi.nlm.nih.gov/gquery?term=MF893912.1,,PreservedSpecimen,,,573504,Mammalia,,Mammals,,Asia,,,Philippines,,,,,NMNH Extant Biology,,9,,,,,,,,,,69,,,,,,Cercopithecidae,,,,,,,Macaca,,,,,,,,,,Ecological remarks by collector(s): no,"Animalia, Chordata, Vertebrata, Mammalia, Eutheria, Primates, Haplorrhini, Cercopithecidae, Cercopithecinae","Asia, Philippines, Camarines Sur Province, Luzon",,,,,,,,,1,,,USNM,http://biocol.org/urn:lsid:biocol.org:col:34871,Luzon,,Animalia,,,,,,,,,Mt. Isarog,,,,,,,,,,400.0,,3,,,,,,,,,http://n2t.net/ark:/65665/30dfd558b-b6ed-4a41-a6e6-aa25b8ba183f,"Item was destructively sampled for scientific study. Tissue and/or parts were sent to Robert Martin, Field Museum of Natural History, on 2 Jun 2015. For reference, see Transaction No. 2073293",,Primates,,,,,,,,,,,Chordata,,Skull; Skeleton,,LRH 4044,L. Heaney,,,,,,,Macaca fascicularis,,,Male,fascicularis,69,Camarines Sur Province,,,,,,,,,,,9 Mar 1988,,,,,,,,1988,,,,,,,,,,
fc5b4a21-62af-4b6a-b3e8-4db940570faf,,,,,,,,,,,,,,PhysicalObject,,,,,,,,5002650,,,,,,PreservedSpecimen,,,379065,Actinopterygii,,Fishes,,,,,Philippines,,,,,NMNH Extant Biology,,1,12.1936,121.016,,,,,,,,153,,,,,,Carangidae,,MIN 00-55,,,,,Trachinotus,,,,,,,,,,,"Animalia, Chordata, Vertebrata, Osteichthyes, Actinopterygii, Neopterygii, Acanthopterygii, Perciformes, Percoidei, Carangidae","Pacific, Philippines, Mindoro",,,,,,,,,1,,,USNM,http://biocol.org/urn:lsid:biocol.org:col:34871,Mindoro,,Animalia,,,,,,,,,"Philippines, southwest coast of Ambulong Island on sand beach to seagrass bed. Rotenone, spear.",,,,,,2.0,,,0.0,,,6,,,,,,,,,http://n2t.net/ark:/65665/3ab71b617-3423-41d6-a099-d7be811a49a1,Photo by JTW.,,Perciformes,,,,,,,,,,,Chordata,,Photograph,,,"M. Westneat, M. McGrouther, K. Parkinson, L. Mijares & L. Regis",,,,,,,Trachinotus blochii,,,,blochii,153,,,,,,,,Degrees Minutes Seconds,,,,2000 Jun 01 - 0000 00 00; 15:00 - 16:00,121137N,,1210059E,,,,Pacific,2000,,,,,,,,,,
b0eee684-179f-47ec-b71d-057f4f1abfcb,,,,,,,,,,,,,,PhysicalObject,,,,,,,,11456890,,,,,,PreservedSpecimen,,,321314,Actinopterygii,,Fishes,,,,,Philippines,,,,,NMNH Extant Biology,,30,20.4389,121.956,,,,,,,,150,,,,,,Carangidae,,121329,,,,,Trachinotus,,,,,,,,,,,"Animalia, Chordata, Vertebrata, Osteichthyes, Actinopterygii, Neopterygii, Acanthopterygii, Perciformes, Percoidei, Carangidae","Pacific, South China Sea, Philippines, Batanes",,,,,,,,,1,,,USNM,http://biocol.org/urn:lsid:biocol.org:col:34871,,,Animalia,,,,,,,,,"Pacific/Philippine Islands/Batanes Province, Basco, Southwest of Chanaryan Close To Menez #3, South China Sea",,,,,,1.0,,,0.0,,,5,,,,,,,,,http://n2t.net/ark:/65665/3b979c162-d0b0-424b-a2a0-d023faa120d1,,,Perciformes,,,,,,,,,,,Chordata,,,,,A. Ross,,,,,,,Trachinotus blochii,,,,blochii,150,Batanes,,,,,,,Degrees Minutes Seconds,,,,1985 May 30 - 0000 00 00,202620N,,1215720E,,,,"Pacific, South China Sea",1985,,,,,,,,,,
f12115d1-b04f-4113-a9e4-78e6ad6d0a95,,,,,,,,,,,,,,PhysicalObject,,,,,,,,14679796,,,,,,PreservedSpecimen,,,144719,Mammalia,,Mammals,,Asia,,,Philippines,,,,,NMNH Extant Biology,,14,,,,,,,,,,45,,,,,,Suidae,,,,,,,Sus,,,,,,,,,,,"Animalia, Chordata, Vertebrata, Mammalia, Eutheria, Artiodactyla, Suidae, Suinae","Asia, Philippines, Ilocos Norte Province, Luzon",,,,,,,,,1,,,USNM,http://biocol.org/urn:lsid:biocol.org:col:34871,Luzon,,Animalia,,,,,,,,,Laoag,,,,,,,,,,9.0,,2,,,,,,,,,http://n2t.net/ark:/65665/3af8a6190-6bca-4ada-b4f9-7136abf2f69c,,,Artiodactyla,,,,,,,,,,,Chordata,,Skull,,6383,E. Mearns,,,,,,,Sus scrofa,,,Unknown,scrofa,45,Ilocos Norte Province,,,,,,,,,,,14 Feb 1907,,,,,,,,1907,,,,,,,,,,
d2989639-292b-4447-a5f2-cefc040fe004,,,,,,,,,,,,,,PhysicalObject,,,,,,,,14596686,,,,,,PreservedSpecimen,,,268349,Mammalia,,Mammals,,Asia,,,Philippines,,,,,NMNH Extant Biology,,,,,,,,,,,,,,,,,,Bovidae,,,,,,,Bubalus,,,,,,,,,,,"Animalia, Chordata, Vertebrata, Mammalia, Eutheria, Artiodactyla, Bovidae, Bovinae","Asia, Philippines, Mindanao",,,,,,,,,1,,,USNM,http://biocol.org/urn:lsid:biocol.org:col:34871,Mindanao,,Animalia,,,,,,,,,,,,,,,,,,,,,,,,,,,,,,http://n2t.net/ark:/65665/38f90b9f8-b11f-42f7-be0e-a977d06a5931,,,Artiodactyla,,,,,,,,,,,Chordata,,Partial Skull,,No Number,Collector Unknown,,,,,,,Bubalus bubalis,,,Unknown,bubalis,,,,,,,,,,,,,-- -- ----,,,,,,,,,,,,,,,,,,
e39f70af-6294-49a0-9afb-20c2067e1b7e,,,,,,,,,,,,,,PhysicalObject,,,,,,,,14401341,,,,,,PreservedSpecimen,,,458725,Mammalia,,Mammals,,Asia,,,Philippines,,,,,NMNH Extant Biology,,,10.77,124.82,,,,,,,,120,,,,,,Cercopithecidae,,,,,,,Macaca,,,,,,,,,,Ecological remarks by collector(s): no,"Animalia, Chordata, Vertebrata, Mammalia, Eutheria, Primates, Haplorrhini, Cercopithecidae, Cercopithecinae","Asia, Philippines, Leyte Province, Leyte Island",,,,,,,,,1,,,USNM,http://biocol.org/urn:lsid:biocol.org:col:34871,Leyte Island,,Animalia,,,,,,,,,Mt. Pangasugan,,,,,,,,,,,,4,,,,,,,,,http://n2t.net/ark:/65665/36742af42-53fd-4aa8-a775-88bc67bc43ac,,,Primates,,,,,,,,,,,Chordata,,Skull,,LRH 3140,L. Heaney,,,,,,,Macaca fascicularis,,,Unknown,fascicularis,120,Leyte Province,,,,,,,Degrees Minutes Seconds,,,,-- Apr 1987,10 46 -- N,,124 49 -- E,,,,,1987,,,,,,,,,,
ea0da228-c6f3-4ad7-a63f-162666418596,,,,,,,,,,,,,,PhysicalObject,,,,,,,,14431677,,,,,,PreservedSpecimen,,,449503,Mammalia,,Mammals,,Asia,,,Philippines,,,,,NMNH Extant Biology,,5,10.7667,124.817,,,,,,,,95,,,,,,Pteropodidae,,,,,,,Eonycteris,,,,,,,,,,Ecological remarks by collector(s): yes,"Animalia, Chordata, Vertebrata, Mammalia, Eutheria, Chiroptera, Pteropodidae","Asia, Philippines, Leyte Province, Leyte Island",,,,,,,,,1,,,USNM,http://biocol.org/urn:lsid:biocol.org:col:34871,Leyte Island,,Animalia,,,,,,,Embryo,,"Baybay, 8.5 Km E",,,,,,,,,,500.0,,4,,,,,,,,,http://n2t.net/ark:/65665/374278357-7dde-46d3-9d6e-4c0daa689fcc,,,Chiroptera,,,,,,,,,,,Chordata,,Fluid,,No Number,J. Klompen,,,,,,,Eonycteris spelaea,,,Unknown,spelaea,95,Leyte Province,,,,,,,Degrees Minutes Seconds,,,,5 Apr 1987,10 46 00 N,,124 49 00 E,,,,,1987,,,,,,,,,,
43c9d4c0-24f7-4eb4-994e-90ac9087847e,,,,,,,,,,,,,,PhysicalObject,,,,,,,,14401357,,,,,,PreservedSpecimen,,,459063,Mammalia,,Mammals,,Asia,,,Philippines,,,,,NMNH Extant Biology,,6,10.7667,124.817,,,,,,,,96,,,,,,Pteropodidae,,,,,,,Eonycteris,,,,,,,,,,Ecological remarks by collector(s): yes,"Animalia, Chordata, Vertebrata, Mammalia, Eutheria, Chiroptera, Pteropodidae","Asia, Philippines, Leyte Province, Leyte Island",,,,,,,,,1,,,USNM,http://biocol.org/urn:lsid:biocol.org:col:34871,Leyte Island,,Animalia,,,,,,,,,"Baybay, 8.5 Km N, 2.5 Km E, Mt. Pangasugan",,,,,,,,,,500.0,,4,,,,,,,,,http://n2t.net/ark:/65665/37d29b6c7-538a-4800-898a-856097174458,,,Chiroptera,,,,,,,,,,,Chordata,,Skull; Remainder in Fluid,,LRH 3129,L. Heaney,,,,,,,Eonycteris spelaea,,,Female,spelaea,96,Leyte Province,,,,,,,Degrees Minutes Seconds,,,,6 Apr 1987,10 46 00 N,,124 49 00 E,,,,,1987,,,,,,,,,,
44f89132-b528-467b-b218-60e0e2bbd766,,,,,,,,,,,,,,PhysicalObject,,,,,,,,14716715,,,,,,PreservedSpecimen,,,112986,Mammalia,,Mammals,,Asia,,,Philippines,,,,,NMNH Extant Biology,,,,,,,,,,,,,,,,,,Bovidae,,,,,,,Bubalus,,,,,,,,,,,"Animalia, Chordata, Vertebrata, Mammalia, Eutheria, Artiodactyla, Bovidae, Bovinae","Asia, Philippines, Isabela Province, Luzon",,,,,,,,,1,,,USNM,http://biocol.org/urn:lsid:biocol.org:col:34871,Luzon,,Animalia,,,,,,,,,,,,,,,,,,,,,,,,,,,,,,http://n2t.net/ark:/65665/3b16d4ed2-f028-4afd-bda2-b0c7ee007c78,,,Artiodactyla,,,,,,,,,,,Chordata,,Skull,,No Number,J. Kirkman,,,,,,,Bubalus bubalis,,,Unknown,bubalis,,Isabela Province,,,,,,,,,,,-- -- ----,,,,,,,,,,,,,,,,,,
d0ec4694-917a-43cc-bce0-a047736063bf,,,,,,,,,,,,,,PhysicalObject,,,,,,,,14401315,,,,,,PreservedSpecimen,,,458095,Mammalia,,Mammals,,Asia,,,Philippines,,,,,NMNH Extant Biology,,26,10.75,124.78,,,,,,,,85,,,,,,Pteropodidae,,,,,,,Eonycteris,,,,,,,,,,Ecological remarks by collector(s): yes,"Animalia, Chordata, Vertebrata, Mammalia, Eutheria, Chiroptera, Pteropodidae","Asia, Philippines, Leyte Province, Leyte Island",,,,,,,,,1,,,USNM,http://biocol.org/urn:lsid:biocol.org:col:34871,Leyte Island,,Animalia,,,,,,,,,"Baybay, 7 Km N, Visca Campus",,,,,,,,,,10.0,,3,,,,,,,,,http://n2t.net/ark:/65665/3a49938dc-5263-4f84-b776-98ebaaf74d69,,,Chiroptera,,,,,,,,,,,Chordata,,Skull; Skeleton,,RBU 0156,R. Utzurrum,,,,,,,Eonycteris spelaea,,,Male,spelaea,85,Leyte Province,,,,,,,Degrees Minutes Seconds,,,,26 Mar 1987,1045--N,,12447--E,,,,,1987,,,,,,,,,,
e2416883-6e59-4375-a20b-68fe0c675527,,,,,,,,,,,,,,PhysicalObject,,,,,,,,13907612,,,,,,PreservedSpecimen,,,579851,Mammalia,,Mammals,,Asia,,,Philippines,,Second,,,NMNH Extant Biology,,9,12.743,121.824,,,,,,,,99,,,,,,Pteropodidae,,,,,,,Eonycteris,WGS84,,Google Earth,,,,,,,Ecological remarks by collector(s): no,"Animalia, Chordata, Vertebrata, Mammalia, Eutheria, Chiroptera, Pteropodidae","Asia, Philippines, Palawan Province, Second, Palawan, Palawan",,,,,,,,,1,,,USNM,http://biocol.org/urn:lsid:biocol.org:col:34871,Palawan,,Animalia,,,,,,,,,"Quezon Municipality, Quezon Poblacion, National Museum Of The Philippines Quezon Field Station Compound [Tabon Cave Complex]",,,,,,,,,,,,4,,,,,,,,,http://n2t.net/ark:/65665/330c8cf7a-a61e-49c4-86e7-de9e8da7a212,,,Chiroptera,,,,,,,,,,,Chordata,,Fluid,,122613,C. Ross,,,,,,,Eonycteris spelaea,,,Male,spelaea,99,Palawan Province,,,,,,,,,,,9 Apr 1987,,,,,,,,1987,,,,,,,,,,
8cf948ed-919a-46ab-b79e-bbd4a812febe,,,,,,,,,,,,,,PhysicalObject,,,,,,,,14679809,,,,,,PreservedSpecimen,,,144939,Mammalia,,Mammals,,Asia,,,Philippines,,,,,NMNH Extant Biology,,,,,,,,,,,,,,,,,,Cercopithecidae,,,,,,,Macaca,,,,,,,,,,,"Animalia, Chordata, Vertebrata, Mammalia, Eutheria, Primates, Haplorrhini, Cercopithecidae, Cercopithecinae","Asia, Philippines, Mindanao",,,,,,,,,1,,,USNM,http://biocol.org/urn:lsid:biocol.org:col:34871,Mindanao,,Animalia,,,,,,,,,Zamboanga,,,,,,,,,,,,,,,,,,,,,http://n2t.net/ark:/65665/36dd1d368-b247-4c2e-bf74-d97cb49f7899,,,Primates,,,,,,,,,,,Chordata,,Fluid,,915,J. Harris,,,,,,,Macaca fascicularis,,,Male,fascicularis,,,,,,,,,,,,,-- -- ----,,,,,,,,,,,,,,,,,,
36c67e2c-521d-464e-b82e-1e456edeffd3,,,,,,,,,,,,,,PhysicalObject,,,,,,,,14401357,,,,,,PreservedSpecimen,,,459059,Mammalia,,Mammals,,Asia,,,Philippines,,,,,NMNH Extant Biology,,27,10.75,124.783,,,,,,,,86,,,,,,Pteropodidae,,,,,,,Eonycteris,,,,,,,,,,Ecological remarks by collector(s): yes,"Animalia, Chordata, Vertebrata, Mammalia, Eutheria, Chiroptera, Pteropodidae","Asia, Philippines, Leyte Province, Leyte Island",,,,,,,,,1,,,USNM,http://biocol.org/urn:lsid:biocol.org:col:34871,Leyte Island,,Animalia,,,,,,,,,"Baybay, 7 Km N, Visca Campus",,,,,,,,,,10.0,,3,,,,,,,,,http://n2t.net/ark:/65665/339d4a34f-8321-45ed-8f27-2f1c84b23e01,,,Chiroptera,,,,,,,,,,,Chordata,,Skull; Remainder in Fluid,,JSHK 43,J. Klompen,,,,,,,Eonycteris spelaea,,,Male,spelaea,86,Leyte Province,,,,,,,Degrees Minutes Seconds,,,,27 Mar 1987,10 45 00 N,,124 47 00 E,,,,,1987,,,,,,,,,,
35b08d7e-481c-4ceb-adf4-bdb78c2d4c9d,,,,,,,,,,,,,,PhysicalObject,,,,,,,,14401315,,,,,,PreservedSpecimen,,,458087,Mammalia,,Mammals,,Asia,,,Philippines,,,,,NMNH Extant Biology,,4,10.47,124.75,,,,,,,,63,,,,,,Pteropodidae,,,,,,,Eonycteris,,,,,,,,,,Ecological remarks by collector(s): yes,"Animalia, Chordata, Vertebrata, Mammalia, Eutheria, Chiroptera, Pteropodidae","Asia, Philippines, Leyte Province, Leyte Island",,,,,,,,,1,,,USNM,http://biocol.org/urn:lsid:biocol.org:col:34871,Leyte Island,,Animalia,,,,,,,,,"Inopacan, 4 Km S, 1 Km E",,,,,,,,,,50.0,,3,,,,,,,,,http://n2t.net/ark:/65665/360ed2b80-e3de-4280-81ca-06d975f513fd,,,Chiroptera,,,,,,,,,,,Chordata,,Skin; Skull; Skeleton,,EAR 1302,E. Rickart,,,,,,,Eonycteris spelaea,,,Female,spelaea,63,Leyte Province,,,,,,,Degrees Minutes Seconds,,,,4 Mar 1987,10 28 -- N,,124 45 -- E,,,,,1987,,,,,,,,,,
5df406f7-64f2-4b9d-a528-8f669bfe849e,,,,,,,,,,,,,,PhysicalObject,,,,,,,,14401357,,,,,,PreservedSpecimen,,,459062,Mammalia,,Mammals,,Asia,,,Philippines,,,,,NMNH Extant Biology,,19,10.4667,124.75,,,,,,,,78,,,,,,Pteropodidae,,,,,,,Eonycteris,,,,,,,,,,Ecological remarks by collector(s): yes,"Animalia, Chordata, Vertebrata, Mammalia, Eutheria, Chiroptera, Pteropodidae","Asia, Philippines, Leyte Province, Leyte Island",,,,,,,,,1,,,USNM,http://biocol.org/urn:lsid:biocol.org:col:34871,Leyte Island,,Animalia,,,,,,,Juvenile,,"Inopacan, 4 Km S, 1 Km E, Cathedral Cave",,,,,,,,,,50.0,,3,,,,,,,,,http://n2t.net/ark:/65665/32bac9b23-2304-4de3-b6f2-89de6c1c7ef8,,,Chiroptera,,,,,,,,,,,Chordata,,Fluid,,LRH 3019,L. Heaney,,,,,,,Eonycteris spelaea,,,Male,spelaea,78,Leyte Province,,,,,,,Degrees Minutes Seconds,,,,19 Mar 1987,10 28 00 N,,124 45 00 E,,,,,1987,,,,,,,,,,
95231191-4868-4bf7-a6fa-fe55da3cd214,,,,,,,,,,,,,,PhysicalObject,,,,,,,,14401315,,,,,,PreservedSpecimen,,,458097,Mammalia,,Mammals,,Asia,,,Philippines,,,,,NMNH Extant Biology,,26,10.75,124.78,,,,,,,,85,,,,,,Pteropodidae,,,,,,,Eonycteris,,,,,,,,,,Ecological remarks by collector(s): no,"Animalia, Chordata, Vertebrata, Mammalia, Eutheria, Chiroptera, Pteropodidae","Asia, Philippines, Leyte Province, Leyte Island",,,,,,,,,1,,,USNM,http://biocol.org/urn:lsid:biocol.org:col:34871,Leyte Island,,Animalia,,,,,,,,,"Baybay, 7 Km N, Visca Campus",,,,,,,,,,10.0,,3,,,,,,,,,http://n2t.net/ark:/65665/353d48b8e-2d6c-46fd-847b-b33917566e3e,,,Chiroptera,,,,,,,,,,,Chordata,,Skull; Skeleton,,RBU 0158,R. Utzurrum,,,,,,,Eonycteris spelaea,,,Female,spelaea,85,Leyte Province,,,,,,,Degrees Minutes Seconds,,,,26 Mar 1987,1045--N,,12447--E,,,,,1987,,,,,,,,,,
335f2a9f-d675-4776-8b72-83cac17fffda,,,,,,,,,,,,,,PhysicalObject,,,,,,,,14616878,,,,,,PreservedSpecimen,,,197089,Mammalia,,Mammals,,Asia,,,Philippines,,,,,NMNH Extant Biology,,,,,,,,,,,,,,,,,,Equidae,,,,,,,Equus,,,,,,,,,,,"Animalia, Chordata, Vertebrata, Mammalia, Eutheria, Perissodactyla, Equidae","Asia, Philippines, Luzon",,,,,,,,,1,,,USNM,http://biocol.org/urn:lsid:biocol.org:col:34871,Luzon,,Animalia,,,,,,,,,"Laoag, Los Banos",,,,,,,,,,,,,,,,,,,,,http://n2t.net/ark:/65665/33363f0ef-40e9-4063-8850-ec1b46fa0d50,,,Perissodactyla,,,,,,,,,,,Chordata,,Skull,,2,A. Reese,,,,,,,Equus caballus,,,Unknown,caballus,,,,,,,,,,,,,-- Summer 1913,,,,,,,,1913,,,,,,,,,,
7c3e9bc2-09bd-4e77-b7a7-ac9370ab930e,,,,,,,,,,,,,,PhysicalObject,,,,,,,,14401357,,,,,,PreservedSpecimen,,,459052,Mammalia,,Mammals,,Asia,,,Philippines,,,,,NMNH Extant Biology,,18,9.7167,124.117,,,,,,,,169,,,,,,Pteropodidae,,,,,,,Eonycteris,,,,,,,,,,Ecological remarks by collector(s): yes,"Animalia, Chordata, Vertebrata, Mammalia, Eutheria, Chiroptera, Pteropodidae","Asia, Philippines, Bohol Province, Bohol Island",,,,,,,,,1,,,USNM,http://biocol.org/urn:lsid:biocol.org:col:34871,Bohol Island,,Animalia,,,,,,,,,"Bilar, 1 Km S, 1 Km E",,,,,,,,,,320.0,,6,,,,,,,,,http://n2t.net/ark:/65665/343192832-089f-4227-b91f-2e7e38ed747e,,,Chiroptera,,,,,,,,,,,Chordata,,Fluid,,LRH 3704,L. Heaney,,,,,,,Eonycteris spelaea,,,Female,spelaea,169,Bohol Province,,,,,,,Degrees Minutes Seconds,,,,18 Jun 1987,09 43 00 N,,124 07 00 E,,,,,1987,,,,,,,,,,
11b60130-e34f-4ea6-bfb2-5c42ddfaee71,,,,,,,,,,,,,,PhysicalObject,,,,,,,,14596686,,,,,,PreservedSpecimen,,,268348,Mammalia,,Mammals,,Asia,,,Philippines,,,,,NMNH Extant Biology,,,,,,,,,,,,,,,,,,Bovidae,,,,,,,Bubalus,,,,,,,,,,,"Animalia, Chordata, Vertebrata, Mammalia, Eutheria, Artiodactyla, Bovidae, Bovinae","Asia, Philippines, Mindanao",,,,,,,,,1,,,USNM,http://biocol.org/urn:lsid:biocol.org:col:34871,Mindanao,,Animalia,,,,,,,,,,,,,,,,,,,,,,,,,,,,,,http://n2t.net/ark:/65665/35d7dc3e7-6ad6-41f3-8781-6dfe5c1c7788,,,Artiodactyla,,,,,,,,,,,Chordata,,Antler or Horn,,No Number,C. Riggs,,,,,,,Bubalus bubalis,,,Unknown,bubalis,,,,,,,,,,,,,-- -- ----,,,,,,,,,,,,,,,,,,
48671a4c-4901-4974-8b64-099f4f938349,,,,,,,,,,,,,,PhysicalObject,,,,,,,,14401342,,,,,,PreservedSpecimen,,,458728,Mammalia,,Mammals,,Asia,,,Philippines,,,,,NMNH Extant Biology,,22,,,,,,,,,,112,,,,,,Cercopithecidae,,,,,,,Macaca,,,,,,,,,,Ecological remarks by collector(s): yes,"Animalia, Chordata, Vertebrata, Mammalia, Eutheria, Primates, Haplorrhini, Cercopithecidae, Cercopithecinae","Asia, Philippines, Leyte Province, Maripipi Island",,,,,,,,,1,,,USNM,http://biocol.org/urn:lsid:biocol.org:col:34871,Maripipi Island,,Animalia,,,,,,,,,Maripipi,,,,,,,,,,,,4,,,,,,,,,http://n2t.net/ark:/65665/3c4510ab9-f25a-477b-9579-bd7b6ed53b50,,,Primates,,,,,,,,,,,Chordata,,Skull,,PDH 3435,P. Heideman,,,,,,,Macaca fascicularis,,,Unknown,fascicularis,112,Leyte Province,,,,,,,,,,,22 Apr 1987,,,,,,,,1987,,,,,,,,,,
c19413c3-7c46-490b-be96-52d5db00a239,,,,,,,,,,,,,,PhysicalObject,,,,,,,,14401342,,,,,,PreservedSpecimen,,,458733,Mammalia,,Mammals,,Asia,,,Philippines,,,,,NMNH Extant Biology,,22,,,,,,,,,,112,,,,,,Cercopithecidae,,,,,,,Macaca,,,,,,,,,,Ecological remarks by collector(s): no,"Animalia, Chordata, Vertebrata, Mammalia, Eutheria, Primates, Haplorrhini, Cercopithecidae, Cercopithecinae","Asia, Philippines, Leyte Province, Maripipi Island",,,,,,,,,1,,,USNM,http://biocol.org/urn:lsid:biocol.org:col:34871,Maripipi Island,,Animalia,,,,,,,,,Maripipi,,,,,,,,,,,,4,,,,,,,,,http://n2t.net/ark:/65665/3cbfbd2c7-9a3c-4bc5-891f-7d5242d9d204,,,Primates,,,,,,,,,,,Chordata,,Partial Skull,,PDH 3440,P. Heideman,,,,,,,Macaca fascicularis,,,Unknown,fascicularis,112,Leyte Province,,,,,,,,,,,22 Apr 1987,,,,,,,,1987,,,,,,,,,,
30d8a00a-4158-48fe-8882-46c9b4ebb790,,,,,,,,,,,,,,Image,,,,,,,,11456890,,,,,,MachineObservation,,,RAD117571,Actinopterygii,,Fishes,,,,,Philippines,,,,,NMNH Extant Biology,,30,20.4389,121.956,,,,,,,,150,,,,,,Carangidae,,121329,,,,,Trachinotus,,,,,,,,,,,"Animalia, Chordata, Vertebrata, Osteichthyes, Actinopterygii, Neopterygii, Acanthopterygii, Perciformes, Percoidei, Carangidae","Pacific, South China Sea, Philippines, Batanes",,,,,,,,,1,,,USNM,http://biocol.org/urn:lsid:biocol.org:col:34871,,,Animalia,,,,,,,,,"Pacific/Philippine Islands/Batanes Province, Basco, Southwest of Chanaryan Close To Menez #3, South China Sea",,,,,,1.0,,,0.0,,,5,,,,,,,,,http://n2t.net/ark:/65665/310e982d9-6b4b-4bb1-965b-455a881c945a,,,Perciformes,,,,,,,,,,,Chordata,,Polyester,,,A. Ross,,,,,,,Trachinotus blochii,,,,blochii,150,Batanes,,,,,,,Degrees Minutes Seconds,,,,1985 May 30 - 0000 00 00,202620N,,1215720E,,,,"Pacific, South China Sea",1985,,,,,,,,,,
6095fcfd-50aa-45d8-bb95-ed8c3a172901,,,,,,,,,,,,,,PhysicalObject,,,,,,,,14401357,,,,,,PreservedSpecimen,,,459057,Mammalia,,Mammals,,Asia,,,Philippines,,,,,NMNH Extant Biology,,10,10.75,124.783,,,,,,,,100,,,,,,Pteropodidae,,,,,,,Eonycteris,,,,,,,,,,Ecological remarks by collector(s): no,"Animalia, Chordata, Vertebrata, Mammalia, Eutheria, Chiroptera, Pteropodidae","Asia, Philippines, Leyte Province, Leyte Island",,,,,,,,,1,,,USNM,http://biocol.org/urn:lsid:biocol.org:col:34871,Leyte Island,,Animalia,,,,,,,,,"Baybay, 7 Km N, Visca Campus",,,,,,,,,,10.0,,4,,,,,,,,,http://n2t.net/ark:/65665/37dfd030c-3dac-404a-b169-164677b35f7c,,,Chiroptera,,,,,,,,,,,Chordata,,Fluid,,EAR 1426,E. Rickart,,,,,,,Eonycteris spelaea,,,Female,spelaea,100,Leyte Province,,,,,,,Degrees Minutes Seconds,,,,10 Apr 1987,10 45 00 N,,124 47 00 E,,,,,1987,,,,,,,,,,
3d114048-ed60-4fa5-93d5-8ff8388f4f48,,,,,,,,,,,,,,PhysicalObject,,,"[{""coreid"": ""http://n2t.net/ark:/65665/3e64e36bd-c180-42cc-8b2f-e919a076e5e7"", ""dwc:relatedResourceID"": ""http://n2t.net/ark:/65665/394bb3fb7-5b11-42ce-a19c-403d4cd52b02"", ""dwc:relationshipRemarks"": ""relatedResourceID resolves to NMNH public data and is GGBN occurrenceID"", ""dwc:relationshipAccordingTo"": ""NMNH, Smithsonian Institution"", ""dwc:relationshipOfResource"": ""Material sample""}]",,,,,13002415,,,,,,PreservedSpecimen,,,443420,Actinopterygii,,Fishes,,,,50000,Philippines,,,,,NMNH Extant Biology,,19,16.2484,120.235,,,,,,,,201,,,,,,Carangidae,,PHISH-2016-55,,,,,Trachinotus,WGS 1984 (WGS 84),,On-line Gazetteer,,,,,,,,"Animalia, Chordata, Vertebrata, Osteichthyes, Actinopterygii, Neopterygii, Acanthopterygii, Perciformes, Percoidei, Carangidae","Pacific, Philippines, La Union, Philippine Archipelago, Luzon",,,,,,,,"Williams, Jeffrey T.",1,,,USNM,http://biocol.org/urn:lsid:biocol.org:col:34871,Luzon,,Animalia,,,,,,,,,"Philippines, Luzon, La Union, Agoo public market. Vendors claim catch originated from vicinity of San Nicholas.",,,,,,,,,,,,7,,,,,,,,,http://n2t.net/ark:/65665/3e64e36bd-c180-42cc-8b2f-e919a076e5e7,,,Perciformes,,,,,,,,,,,Chordata,,Photograph,,PHISH-580,"Local Fishermen, J. Williams, K. Carpenter, N. Flores, P. Dicdiquin, D. Dumale & M. Santos",,,,,,,Trachinotus blochii,,,,blochii,201,La Union,,,,,,,,,,,,16.248405,,120.234771,,,,Pacific,2016,,,,,,,,,,
558375f2-665a-4c9a-aaef-001f7f2131d9,,,,,,,,,,,,,,PhysicalObject,,,,,,,,14677394,,,,,,PreservedSpecimen,,,151521,Mammalia,,Mammals,,Asia,,,Philippines,,,,,NMNH Extant Biology,,19,,,,,,,,,,200,,,,,,Suidae,,,,,,,Sus,,,,,,,,,,,"Animalia, Chordata, Vertebrata, Mammalia, Eutheria, Artiodactyla, Suidae, Suinae","Asia, Philippines, Benguet Province, Luzon",,,,,,,,,1,,,USNM,http://biocol.org/urn:lsid:biocol.org:col:34871,Luzon,,Animalia,,,,,,,Juvenile,,Haights In the Oaks,,,,,,,,,,,,7,,,,,,,,,http://n2t.net/ark:/65665/3d6f192fe-84bd-456b-9c54-a023a7a97a9c,,,Artiodactyla,,,,,,,,,,,Chordata,,Skin; Skull,,6443,E. Mearns,,,,,,,Sus scrofa,,,Female,scrofa,200,Benguet Province,,,,,,,,,,,19 Jul 1907,,,,,,,,1907,,,,,,,,,,
f13e5efa-a41c-4ec2-be3e-ccad66d7875c,,,,,,,,,,,,,,PhysicalObject,,,,,,,,14401342,,,,,,PreservedSpecimen,,,458727,Mammalia,,Mammals,,Asia,,,Philippines,,,,,NMNH Extant Biology,,20,11.78,124.3,,,,,,,,110,,,,,,Cercopithecidae,,,,,,,Macaca,,,,,,,,,,Ecological remarks by collector(s): yes,"Animalia, Chordata, Vertebrata, Mammalia, Eutheria, Primates, Haplorrhini, Cercopithecidae, Cercopithecinae","Asia, Philippines, Leyte Province, Maripipi Island",,,,,,,,,1,,,USNM,http://biocol.org/urn:lsid:biocol.org:col:34871,Maripipi Island,,Animalia,,,,,,,,,"Maripipi, 2 Km N, 4 Km W",,,,,,,,,,200.0,,4,,,,,,,,,http://n2t.net/ark:/65665/3ae0711a1-9124-4fdd-9dc9-ac3badbacae7,,,Primates,,,,,,,,,,,Chordata,,Skull; Skeleton,,PDH 3392,P. Heideman,,,,,,,Macaca fascicularis,,,Male,fascicularis,110,Leyte Province,,,,,,,Degrees Minutes Seconds,,,,20 Apr 1987,1147--N,,12418--E,,,,,1987,,,,,,,,,,
aba78d53-ec4d-4897-8a8d-6c04904dc882,,,,,,,,,,,,,,PhysicalObject,,,,,,,,14401315,,,,,,PreservedSpecimen,,,458093,Mammalia,,Mammals,,Asia,,,Philippines,,,,,NMNH Extant Biology,,10,10.75,124.78,,,,,,,,100,,,,,,Pteropodidae,,,,,,,Eonycteris,,,,,,,,,,Ecological remarks by collector(s): no,"Animalia, Chordata, Vertebrata, Mammalia, Eutheria, Chiroptera, Pteropodidae","Asia, Philippines, Leyte Province, Leyte Island",,,,,,,,,1,,,USNM,http://biocol.org/urn:lsid:biocol.org:col:34871,Leyte Island,,Animalia,,,,,,,,,"Baybay, 7 Km N, Visca Campus",,,,,,,,,,10.0,,4,,,,,,,,,http://n2t.net/ark:/65665/3a4edb0a9-8700-40ec-b971-401a117a18f4,,,Chiroptera,,,,,,,,,,,Chordata,,Skin; Skull; Skeleton,,EAR 1425,E. Rickart,,,,,,,Eonycteris spelaea,,,Female,spelaea,100,Leyte Province,,,,,,,Degrees Minutes Seconds,,,,10 Apr 1987,1045--N,,12447--E,,,,,1987,,,,,,,,,,
d9b33746-50dd-4f35-ab10-a9993ab195d2,,,,,,,,,,,,,,PhysicalObject,,,,,,,,14401315,,,,,,PreservedSpecimen,,,458092,Mammalia,,Mammals,,Asia,,,Philippines,,,,,NMNH Extant Biology,,10,10.75,124.78,,,,,,,,100,,,,,,Pteropodidae,,,,,,,Eonycteris,,,,,,,,,,Ecological remarks by collector(s): no,"Animalia, Chordata, Vertebrata, Mammalia, Eutheria, Chiroptera, Pteropodidae","Asia, Philippines, Leyte Province, Leyte Island",,,,,,,,,1,,,USNM,http://biocol.org/urn:lsid:biocol.org:col:34871,Leyte Island,,Animalia,,,,,,,,,"Baybay, 7 Km N, Visca Campus",,,,,,,,,,10.0,,4,,,,,,,,,http://n2t.net/ark:/65665/306c4c8ad-0339-47f6-a0aa-e9ea945382a6,,,Chiroptera,,,,,,,,,,,Chordata,,Skin; Skull; Skeleton,,EAR 1424,E. Rickart,,,,,,,Eonycteris spelaea,,,Female,spelaea,100,Leyte Province,,,,,,,Degrees Minutes Seconds,,,,10 Apr 1987,1045--N,,12447--E,,,,,1987,,,,,,,,,,
de8277ca-70b6-4623-82e9-9084506041e5,,,,,,,,,,,,,,PhysicalObject,,,,,,,,13907610,,,,,,PreservedSpecimen,,,579846,Mammalia,,Mammals,,Asia,,,Philippines,,Second,,,NMNH Extant Biology,,9,12.743,121.824,,,,,,,,99,,,,,,Pteropodidae,,,,,,,Eonycteris,WGS84,,Google Earth,,,,,,,Ecological remarks by collector(s): no,"Animalia, Chordata, Vertebrata, Mammalia, Eutheria, Chiroptera, Pteropodidae","Asia, Philippines, Palawan Province, Second, Palawan, Palawan",,,,,,,,,1,,,USNM,http://biocol.org/urn:lsid:biocol.org:col:34871,Palawan,,Animalia,,,,,,,,,"Quezon Municipality, Quezon Poblacion, National Museum Of The Philippines Quezon Field Station Compound [Tabon Cave Complex]",,,,,,,,,,,,4,,,,,,,,,http://n2t.net/ark:/65665/3f899dcab-5f50-436a-97e4-d1853e96c770,,,Chiroptera,,,,,,,,,,,Chordata,,Fluid,,122608,C. Ross,,,,,,,Eonycteris spelaea,,,Male,spelaea,99,Palawan Province,,,,,,,,,,,9 Apr 1987,,,,,,,,1987,,,,,,,,,,
f89f008c-a791-408e-b310-3e7a465be6b1,,,,,,,,,,,,,,PhysicalObject,,,,,,,,14707005,,,,,,PreservedSpecimen,,,125190,Mammalia,,Mammals,,Asia,,,Philippines,,,,,NMNH Extant Biology,,,,,,,,,,,,,,,,,,Suidae,,,,,,,Sus,,,,,,,,,,,"Animalia, Chordata, Vertebrata, Mammalia, Eutheria, Artiodactyla, Suidae, Suinae","Asia, Philippines, Mindanao",,,,,,,,,1,,,USNM,http://biocol.org/urn:lsid:biocol.org:col:34871,Mindanao,,Animalia,,,,,,,,,Zamboanga,,,,,,,,,,,,,,,,,,,,,http://n2t.net/ark:/65665/3dce3aadc-16d2-4d0f-b2fc-733a98b753af,,,Artiodactyla,,,,,,,,,,,Chordata,,Skull,,5743,E. Mearns,,,,,,,Sus scrofa,,,Unknown,scrofa,,,,,,,,,,,,,-- -- 1903,,,,,,,,1903,,,,,,,,,,
c235488d-7043-4376-918b-4a26e636b0be,,,,,,,,,,,,,,PhysicalObject,,,,,,,,,,,,,,PreservedSpecimen,,,286973,Malacostraca,,Invertebrate Zoology,,,,,Philippines,,,,,NMNH Extant Biology,,3,10.5792,121.792,,,,,,,,34,,,,,,Penaeidae,,USFC/A5126,,,,,Penaeus,,,,,,,,,,,"Animalia, Arthropoda, Crustacea, Malacostraca, Eumalacostraca, Eucarida, Decapoda, Dendrobranchiata, Penaeidae","North Pacific Ocean, Sulu Sea, Philippines, Antique",,,,,,,,,2,,,USNM,http://biocol.org/urn:lsid:biocol.org:col:34871,,,Animalia,,,,,,,,,"Panay Island, Dao, West of",,5126,,,,1357.0,,,1357.0,,,2,,,,,,,,,http://n2t.net/ark:/65665/333d6329a-d77b-49b6-9e4d-4c57e397e60b,,,Decapoda,,,,,,,,,,,Arthropoda,,Alcohol (Ethanol),,,United States Fish Commission,,,,,,,Penaeus monodon,Fabricius,,,monodon,34,Antique,,,,,,,Degrees Minutes Seconds,,,,,,,,,,,"North Pacific Ocean, Sulu Sea",1908,,,,,,,,,,
79a02929-6880-4a9f-a3f6-586f3967af37,,,,,,,,,,,,,,PhysicalObject,,,,,,,,13907610,,,,,,PreservedSpecimen,,,579843,Mammalia,,Mammals,,Asia,,,Philippines,,Second,,,NMNH Extant Biology,,9,12.743,121.824,,,,,,,,99,,,,,,Pteropodidae,,,,,,,Eonycteris,WGS84,,Google Earth,,,,,,,Ecological remarks by collector(s): no,"Animalia, Chordata, Vertebrata, Mammalia, Eutheria, Chiroptera, Pteropodidae","Asia, Philippines, Palawan Province, Second, Palawan, Palawan",,,,,,,,,1,,,USNM,http://biocol.org/urn:lsid:biocol.org:col:34871,Palawan,,Animalia,,,,,,,Juvenile,,"Quezon Municipality, Quezon Poblacion, National Museum Of The Philippines Quezon Field Station Compound [Tabon Cave Complex]",,,,,,,,,,,,4,,,,,,,,,http://n2t.net/ark:/65665/322cf11d6-f019-4ed2-b901-8fd9b36a8e3d,,,Chiroptera,,,,,,,,,,,Chordata,,Fluid,,122605,C. Ross,,,,,,,Eonycteris spelaea,,,Female,spelaea,99,Palawan Province,,,,,,,,,,,9 Apr 1987,,,,,,,,1987,,,,,,,,,,
d2ec1da1-1de2-4297-939f-3dda301020cc,,,,,,,,,,,,,,PhysicalObject,,,,,,,,13940742,,,,,,PreservedSpecimen,,,573212,Mammalia,,Mammals,,Asia,,,Philippines,,,,,NMNH Extant Biology,,22,13.8,124.32,,,,,,,,53,,,,,,Pteropodidae,,,,,,,Eonycteris,,,,,,,,,,Ecological remarks by collector(s): yes,"Animalia, Chordata, Vertebrata, Mammalia, Eutheria, Chiroptera, Pteropodidae","Asia, Philippines, Catanduanes Province, Catanduanes Island",,,,,,,,,1,,,USNM,http://biocol.org/urn:lsid:biocol.org:col:34871,Catanduanes Island,,Animalia,,,,,,,,,"Gigmoto, 1 Km N, 8.5 Km W",,,,,,,,,,200.0,,2,,,,,,,,,http://n2t.net/ark:/65665/3b500e7d9-c9ea-48f3-b1bf-c487b48707a6,,,Chiroptera,,,,,,,,,,,Chordata,,Skull; Remainder in Fluid,,EAR 1687,E. Rickart,,,,,,,Eonycteris spelaea,,,Female,spelaea,53,Catanduanes Province,,,,,,,Degrees Minutes Seconds,,,,22 Feb 1988,13 48 -- N,,124 19 -- E,,,,,1988,,,,,,,,,,
c6abd3ab-3790-4a1c-9d98-ae92c958df05,,,,,,,,,,,,,,PhysicalObject,,,,,,,,,,,,,,PreservedSpecimen,,,541939,Aves,,Birds,,Asia,,,Philippines,,Leyte Province,,,NMNH Extant Biology,,3,10.77,124.82,,,,,,,,93,,,,,,Phasianidae,,,,,,,Gallus,,,,,,,,,,,"Animalia, Chordata, Vertebrata, Aves, Galliformes, Phasianidae, Phasianinae","Asia, Philippines, Leyte, Leyte Province",,,,,,,,,1,,,USNM,http://biocol.org/urn:lsid:biocol.org:col:34871,,,Animalia,,,,,,,Chick,,"Baybay, 8.5 km N, 2.5 km E, Mount Pangasugan",,,,,,,,,,500.0,,4,,,,,,,,,http://n2t.net/ark:/65665/3b51e1820-d1d0-4d14-9b23-b3f70c1cb225,,,Galliformes,,,,,,,,,,,Chordata,,Alcoholic: Whole,,,R. Utzurrum,,,,,,,Gallus gallus,,,unknown,gallus,93,Leyte,,,,,,,Degrees Minutes Seconds,,,,3 Apr 1987,10 46 -- N,,124 49 -- E,,,,,1987,,,,,,,,,,
99eaf401-1021-4c2d-8c03-7c96ce6e6ee1,,,,,,,,,,,,,,PhysicalObject,,,,,,,,14401342,,,,,,PreservedSpecimen,,,458726,Mammalia,,Mammals,,Asia,,,Philippines,,,,,NMNH Extant Biology,,,10.77,124.82,,,,,,,,120,,,,,,Cercopithecidae,,,,,,,Macaca,,,,,,,,,,Ecological remarks by collector(s): no,"Animalia, Chordata, Vertebrata, Mammalia, Eutheria, Primates, Haplorrhini, Cercopithecidae, Cercopithecinae","Asia, Philippines, Leyte Province, Leyte Island",,,,,,,,,1,,,USNM,http://biocol.org/urn:lsid:biocol.org:col:34871,Leyte Island,,Animalia,,,,,,,,,Mt. Pangasugan,,,,,,,,,,,,4,,,,,,,,,http://n2t.net/ark:/65665/3df6c429a-e649-42f7-adaf-7c60a4354f73,,,Primates,,,,,,,,,,,Chordata,,Partial Skull,,LRH 3141,L. Heaney,,,,,,,Macaca fascicularis,,,Unknown,fascicularis,120,Leyte Province,,,,,,,Degrees Minutes Seconds,,,,-- Apr 1987,10 46 -- N,,124 49 -- E,,,,,1987,,,,,,,,,,
4edd5132-71c5-430f-a4c7-7baf2dd8dc7f,,,,,,,,,,,,,,PhysicalObject,,,,,,,,14431677,,,,,,PreservedSpecimen,,,449501,Mammalia,,Mammals,,Asia,,,Philippines,,,,,NMNH Extant Biology,,19,9.7167,124.117,,,,,,,,170,,,,,,Pteropodidae,,,,,,,Eonycteris,,,,,,,,,,Ecological remarks by collector(s): yes,"Animalia, Chordata, Vertebrata, Mammalia, Eutheria, Chiroptera, Pteropodidae","Asia, Philippines, Bohol Province, Bohol Island",,,,,,,,,1,,,USNM,http://biocol.org/urn:lsid:biocol.org:col:34871,Bohol Island,,Animalia,,,,,,,Fetus,,"Bilar, 1 Km S, 1 Km E",,,,,,,,,,320.0,,6,,,,,,,,,http://n2t.net/ark:/65665/34d511950-76e8-44ac-9f44-5e8744f173e1,,,Chiroptera,,,,,,,,,,,Chordata,,Fluid,,No Number,P. Heideman,,,,,,,Eonycteris spelaea,,,Female,spelaea,170,Bohol Province,,,,,,,Degrees Minutes Seconds,,,,19 Jun 1987,09 43 00 N,,124 07 00 E,,,,,1987,,,,,,,,,,
f8ec19b7-c5bb-41fb-8854-b82a03c3cf93,,,,,,,,,,,,,,PhysicalObject,,,,,,,,14401315,,,,,,PreservedSpecimen,,,458094,Mammalia,,Mammals,,Asia,,,Philippines,,,,,NMNH Extant Biology,,26,10.75,124.78,,,,,,,,85,,,,,,Pteropodidae,,,,,,,Eonycteris,,,,,,,,,,Ecological remarks by collector(s): yes,"Animalia, Chordata, Vertebrata, Mammalia, Eutheria, Chiroptera, Pteropodidae","Asia, Philippines, Leyte Province, Leyte Island",,,,,,,,,1,,,USNM,http://biocol.org/urn:lsid:biocol.org:col:34871,Leyte Island,,Animalia,,,,,,,,,"Baybay, 7 Km N, Visca Campus",,,,,,,,,,10.0,,3,,,,,,,,,http://n2t.net/ark:/65665/38cb663dd-d9db-4472-b507-97a8807ff0b6,,,Chiroptera,,,,,,,,,,,Chordata,,Skull; Skeleton,,RBU 0155,R. Utzurrum,,,,,,,Eonycteris spelaea,,,Male,spelaea,85,Leyte Province,,,,,,,Degrees Minutes Seconds,,,,26 Mar 1987,1045--N,,12447--E,,,,,1987,,,,,,,,,,
d08f5681-c25a-4374-af97-66860f5e1538,,,,,,,,,,,,,,PhysicalObject,,,,,,,,,,,,,,PreservedSpecimen,,,286972,Malacostraca,,Invertebrate Zoology,,,,,Philippines,,,,,NMNH Extant Biology,,18,7.05,125.65,,,,,,,,139,,,,,,Penaeidae,,USFC/A5255,,,,,Penaeus,,,,,,,,,,,"Animalia, Arthropoda, Crustacea, Malacostraca, Eumalacostraca, Eucarida, Decapoda, Dendrobranchiata, Penaeidae","North Pacific Ocean, Gulf of Davao, Philippines, Davao",,,,,,,,,1,,,USNM,http://biocol.org/urn:lsid:biocol.org:col:34871,,,Animalia,,,,,,,,,"Mindanao Island, Dumalag Island, 4.5 Miles NE of",,5255,,,,183.0,,,183.0,,,5,,,,,,,,,http://n2t.net/ark:/65665/3c5768ba0-dcad-4da7-910a-12a346c0a320,,,Decapoda,,,,,,,,,,,Arthropoda,,Alcohol (Ethanol),,,United States Fish Commission,,,,,,,Penaeus monodon,Fabricius,,,monodon,139,Davao,,,,,,,Degrees Minutes Seconds,,,,,,,,,,,"North Pacific Ocean, Gulf of Davao",1908,,,,,,,,,,
5dc0f471-04a6-42bc-a3fb-5b667eac0525,,,,,,,,,,,,,,PhysicalObject,,,,,,,,14601071,,,,,,PreservedSpecimen,,,254469,Mammalia,,Mammals,,Asia,,,Philippines,,,,,NMNH Extant Biology,,22,,,,,,,,,,112,,,,,,Cercopithecidae,,,,,,,Macaca,,,,,,,,,,,"Animalia, Chordata, Vertebrata, Mammalia, Eutheria, Primates, Haplorrhini, Cercopithecidae, Cercopithecinae","Asia, Philippines, Panay",,,,,,,,,1,,,USNM,http://biocol.org/urn:lsid:biocol.org:col:34871,Panay,,Animalia,,,,,,,,,,,,,,,,,,,,,4,,,,,,,,,http://n2t.net/ark:/65665/377497201-eca4-4e4b-8309-4edfd48afe99,,,Primates,,,,,,,,,,,Chordata,,Fluid,,No Number,H. Kellers,,,,,,,Macaca fascicularis,,,Female,fascicularis,112,,,,,,,,,,,,22 Apr 1929,,,,,,,,1929,,,,,,,,,,
ce1b2262-5b6e-4e7a-ac7f-2438639f94bf,,,,,,,,,,,,,,PhysicalObject,,,,,,,,13907610,,,,,,PreservedSpecimen,,,579848,Mammalia,,Mammals,,Asia,,,Philippines,,Second,,,NMNH Extant Biology,,9,12.743,121.824,,,,,,,,99,,,,,,Pteropodidae,,,,,,,Eonycteris,WGS84,,Google Earth,,,,,,,Ecological remarks by collector(s): no,"Animalia, Chordata, Vertebrata, Mammalia, Eutheria, Chiroptera, Pteropodidae","Asia, Philippines, Palawan Province, Second, Palawan, Palawan",,,,,,,,,1,,,USNM,http://biocol.org/urn:lsid:biocol.org:col:34871,Palawan,,Animalia,,,,,,,,,"Quezon Municipality, Quezon Poblacion, National Museum Of The Philippines Quezon Field Station Compound [Tabon Cave Complex]",,,,,,,,,,,,4,,,,,,,,,http://n2t.net/ark:/65665/3fda4d0b8-abfa-448b-b526-003b35e2b416,,,Chiroptera,,,,,,,,,,,Chordata,,Fluid,,122610,C. Ross,,,,,,,Eonycteris spelaea,,,Male,spelaea,99,Palawan Province,,,,,,,,,,,9 Apr 1987,,,,,,,,1987,,,,,,,,,,
0b10a4b6-2707-4612-b011-1473093a8afe,,,,,,,,,,,,,,PhysicalObject,,,,,,,,,,,,,,PreservedSpecimen,,,139517,Actinopterygii,,Fishes,,,,,Philippines,,,,,NMNH Extant Biology,,17,,,,,,,,,,168,,,,,,Carangidae,,,,,,,Trachinotus,,,,,,,,,,,"Animalia, Chordata, Vertebrata, Osteichthyes, Actinopterygii, Neopterygii, Acanthopterygii, Perciformes, Percoidei, Carangidae","Pacific, Philippine Sea, Lagonoy Gulf; Atulayan Bay, Philippines, Camarines Sur, Philippine Archipelago, Luzon",,,,,,,,,1,,,USNM,http://biocol.org/urn:lsid:biocol.org:col:34871,Luzon,,Animalia,,,,,,,,,"Atulayan Bay, East Coast of Luzon, San Bernardino Strait To San Miguel Bay",,,,,,,,,,,,6,,,,,,,,,http://n2t.net/ark:/65665/350547f9e-5f05-4be0-a048-7c36e73fccd0,Specimen numbered 6.,,Perciformes,,,,,,,,,,,Chordata,,,,,,,,,,,,Trachinotus blochii,,,,blochii,168,Camarines Sur,,,,,,,,,,,1909 Jun 17 - 0000 00 00,,,,,,,"Pacific, Philippine Sea, Lagonoy Gulf; Atulayan Bay",1909,,,,,,,,,,
c811c347-2e40-4b87-be43-db83ffe37305,,,,,,,,,,,,,,PhysicalObject,,,,,,,,14431677,,,,,,PreservedSpecimen,,,449502,Mammalia,,Mammals,,Asia,,,Philippines,,,,,NMNH Extant Biology,,27,10.75,124.783,,,,,,,,86,,,,,,Pteropodidae,,,,,,,Eonycteris,,,,,,,,,,Ecological remarks by collector(s): yes,"Animalia, Chordata, Vertebrata, Mammalia, Eutheria, Chiroptera, Pteropodidae","Asia, Philippines, Leyte Province, Leyte Island",,,,,,,,,1,,,USNM,http://biocol.org/urn:lsid:biocol.org:col:34871,Leyte Island,,Animalia,,,,,,,Fetus,,"Baybay, 7 Km N",,,,,,,,,,10.0,,3,,,,,,,,,http://n2t.net/ark:/65665/379d80e43-1699-4337-8bf9-018426ac96b1,,,Chiroptera,,,,,,,,,,,Chordata,,Fluid,,No Number,J. Klompen,,,,,,,Eonycteris spelaea,,,Unknown,spelaea,86,Leyte Province,,,,,,,Degrees Minutes Seconds,,,,27 Mar 1987,10 45 00 N,,124 47 00 E,,,,,1987,,,,,,,,,,
ce15842a-e7e0-4809-9bb2-da208ecebe40,,,,,,,,,,,,,,PhysicalObject,,,,,,,,13907610,,,,,,PreservedSpecimen,,,579845,Mammalia,,Mammals,,Asia,,,Philippines,,Second,,,NMNH Extant Biology,,9,12.743,121.824,,,,,,,,99,,,,,,Pteropodidae,,,,,,,Eonycteris,WGS84,,Google Earth,,,,,,,Ecological remarks by collector(s): no,"Animalia, Chordata, Vertebrata, Mammalia, Eutheria, Chiroptera, Pteropodidae","Asia, Philippines, Palawan Province, Second, Palawan, Palawan",,,,,,,,,1,,,USNM,http://biocol.org/urn:lsid:biocol.org:col:34871,Palawan,,Animalia,,,,,,,,,"Quezon Municipality, Quezon Poblacion, National Museum Of The Philippines Quezon Field Station Compound [Tabon Cave Complex]",,,,,,,,,,,,4,,,,,,,,,http://n2t.net/ark:/65665/38c96dac6-9e1b-43ae-bb8c-b584138edf2f,,,Chiroptera,,,,,,,,,,,Chordata,,Fluid,,122607,C. Ross,,,,,,,Eonycteris spelaea,,,Male,spelaea,99,Palawan Province,,,,,,,,,,,9 Apr 1987,,,,,,,,1987,,,,,,,,,,
e9d59023-0754-407f-baad-d99d33bd0bba,,,,,,,,,,,,,,PhysicalObject,,,,,,,,13907610,,,,,,PreservedSpecimen,,,579847,Mammalia,,Mammals,,Asia,,,Philippines,,Second,,,NMNH Extant Biology,,9,12.743,121.824,,,,,,,,99,,,,,,Pteropodidae,,,,,,,Eonycteris,WGS84,,Google Earth,,,,,,,Ecological remarks by collector(s): no,"Animalia, Chordata, Vertebrata, Mammalia, Eutheria, Chiroptera, Pteropodidae","Asia, Philippines, Palawan Province, Second, Palawan, Palawan",,,,,,,,,1,,,USNM,http://biocol.org/urn:lsid:biocol.org:col:34871,Palawan,,Animalia,,,,,,,Juvenile,,"Quezon Municipality, Quezon Poblacion, National Museum Of The Philippines Quezon Field Station Compound [Tabon Cave Complex]",,,,,,,,,,,,4,,,,,,,,,http://n2t.net/ark:/65665/3e4837170-ccbf-460a-963d-32e8a7d5f4e8,,,Chiroptera,,,,,,,,,,,Chordata,,Fluid,,122609,C. Ross,,,,,,,Eonycteris spelaea,,,Male,spelaea,99,Palawan Province,,,,,,,,,,,9 Apr 1987,,,,,,,,1987,,,,,,,,,,
74ddcaa6-d87f-4a32-b3f1-265b8945bb51,,,,,,,,,,,,,,PhysicalObject,,,,,,,,14401342,,,,,,PreservedSpecimen,,,458729,Mammalia,,Mammals,,Asia,,,Philippines,,,,,NMNH Extant Biology,,22,,,,,,,,,,112,,,,,,Cercopithecidae,,,,,,,Macaca,,,,,,,,,,,"Animalia, Chordata, Vertebrata, Mammalia, Eutheria, Primates, Haplorrhini, Cercopithecidae, Cercopithecinae","Asia, Philippines, Leyte Province, Maripipi Island",,,,,,,,,1,,,USNM,http://biocol.org/urn:lsid:biocol.org:col:34871,Maripipi Island,,Animalia,,,,,,,,,Maripipi,,,,,,,,,,,,4,,,,,,,,,http://n2t.net/ark:/65665/3cc3a12b5-956e-4ae2-9460-b90d09942ddf,,,Primates,,,,,,,,,,,Chordata,,Partial Skull,,PDH 3436,P. Heideman,,,,,,,Macaca fascicularis,,,Unknown,fascicularis,112,Leyte Province,,,,,,,,,,,22 Apr 1987,,,,,,,,1987,,,,,,,,,,
75f42c2c-f45b-458a-83ab-3d4a0958c908,,,,,,,,,,,,,,PhysicalObject,,,,,,,,14401341,,,,,,PreservedSpecimen,,,458724,Mammalia,,Mammals,,Asia,,,Philippines,,,,,NMNH Extant Biology,,27,,,,,,,,,,117,,,,,,Cercopithecidae,,,,,,,Macaca,,,,,,,,,,Ecological remarks by collector(s): no,"Animalia, Chordata, Vertebrata, Mammalia, Eutheria, Primates, Haplorrhini, Cercopithecidae, Cercopithecinae","Asia, Philippines, Leyte Province, Biliran Island",,,,,,,,,1,,,USNM,http://biocol.org/urn:lsid:biocol.org:col:34871,Biliran Island,,Animalia,,,,,,,,,Mt. Sayao,,,,,,,,,,,,4,,,,,,,,,http://n2t.net/ark:/65665/32986f3d1-04b7-4f03-ba07-bab4cc4f393f,,,Primates,,,,,,,,,,,Chordata,,Skull,,EAR 1530,E. Rickart,,,,,,,Macaca fascicularis,,,Female,fascicularis,117,Leyte Province,,,,,,,,,,,27 Apr 1987,,,,,,,,1987,,,,,,,,,,
659460da-a595-4728-905b-0eb136ad3ba7,,,,,,,,,,,,,,PhysicalObject,,,,,,,,14679796,,,,,,PreservedSpecimen,,,144720,Mammalia,,Mammals,,Asia,,,Philippines,,,,,NMNH Extant Biology,,14,,,,,,,,,,45,,,,,,Equidae,,,,,,,Equus,,,,,,,,,,,"Animalia, Chordata, Vertebrata, Mammalia, Eutheria, Perissodactyla, Equidae","Asia, Philippines, Ilocos Norte Province, Luzon",,,,,,,,,1,,,USNM,http://biocol.org/urn:lsid:biocol.org:col:34871,Luzon,,Animalia,,,,,,,,,Laoag,,,,,,,,,,9.0,,2,,,,,,,,,http://n2t.net/ark:/65665/329f8302b-f758-4774-ba25-fbe5b9ffaed6,,,Perissodactyla,,,,,,,,,,,Chordata,,Skull; Partial Skeleton,,6382,E. Mearns,,,,,,,Equus caballus,,,Unknown,caballus,45,Ilocos Norte Province,,,,,,,,,,,14 Feb 1907,,,,,,,,1907,,,,,,,,,,
0530a3bf-48a2-4999-a9ba-a7c16ba1db08,,,,,,,,,,,,,,PhysicalObject,,,,,,,,14401342,,,,https://www.ncbi.nlm.nih.gov/gquery?term=MF893910.1,,PreservedSpecimen,,,458734,Mammalia,,Mammals,,Asia,,,Philippines,,,,,NMNH Extant Biology,,25,,,,,,,,,,115,,,,,,Cercopithecidae,,,,,,,Macaca,,,,,,,,,,Ecological remarks by collector(s): yes,"Animalia, Chordata, Vertebrata, Mammalia, Eutheria, Primates, Haplorrhini, Cercopithecidae, Cercopithecinae","Asia, Philippines, Leyte Province, Maripipi Island",,,,,,,,,1,,,USNM,http://biocol.org/urn:lsid:biocol.org:col:34871,Maripipi Island,,Animalia,,,,,,,,,Maripipi,,,,,,,,,,,,4,,,,,,,,,http://n2t.net/ark:/65665/34731205d-c0be-41cc-80e8-762fbb21b6be,,,Primates,,,,,,,,,,,Chordata,,Skull,,PDH 3478,P. Heideman,,,,,,,Macaca fascicularis,,,Unknown,fascicularis,115,Leyte Province,,,,,,,,,,,25 Apr 1987,,,,,,,,1987,,,,,,,,,,
3ccf8902-f10b-48a3-9e81-eaa1059c1a29,,,,,,,,,,,,,,PhysicalObject,,,,,,,,14401357,,,,,,PreservedSpecimen,,,459055,Mammalia,,Mammals,,Asia,,,Philippines,,,,,NMNH Extant Biology,,4,10.4667,124.75,,,,,,,,63,,,,,,Pteropodidae,,,,,,,Eonycteris,,,,,,,,,,Ecological remarks by collector(s): yes,"Animalia, Chordata, Vertebrata, Mammalia, Eutheria, Chiroptera, Pteropodidae","Asia, Philippines, Leyte Province, Leyte Island",,,,,,,,,1,,,USNM,http://biocol.org/urn:lsid:biocol.org:col:34871,Leyte Island,,Animalia,,,,,,,Young,,"Inopacan, 4 Km S, Cathedral Cave",,,,,,,,,,50.0,,3,,,,,,,,,http://n2t.net/ark:/65665/371916296-4a85-406e-a707-7fd14d27551d,,,Chiroptera,,,,,,,,,,,Chordata,,Fluid,,EAR 1304,E. Rickart,,,,,,,Eonycteris spelaea,,,Unknown,spelaea,63,Leyte Province,,,,,,,Degrees Minutes Seconds,,,,4 Mar 1987,10 28 00 N,,124 45 00 E,,,,,1987,,,,,,,,,,
b6610654-7b37-4b71-ad1f-605f4b1c92aa,,,,,,,,,,,,,,PhysicalObject,,,,,,,,13940742,,,,,,PreservedSpecimen,,,573213,Mammalia,,Mammals,,Asia,,,Philippines,,,,,NMNH Extant Biology,,25,13.8,124.32,,,,,,,,56,,,,,,Pteropodidae,,,,,,,Eonycteris,,,,,,,,,,Ecological remarks by collector(s): no,"Animalia, Chordata, Vertebrata, Mammalia, Eutheria, Chiroptera, Pteropodidae","Asia, Philippines, Catanduanes Province, Catanduanes Island",,,,,,,,,1,,,USNM,http://biocol.org/urn:lsid:biocol.org:col:34871,Catanduanes Island,,Animalia,,,,,,,,,"Gigmoto, 1 Km N, 8.5 Km W",,,,,,,,,,200.0,,2,,,,,,,,,http://n2t.net/ark:/65665/3e4fc027f-d436-43ca-9380-b0c28012bef0,,,Chiroptera,,,,,,,,,,,Chordata,,Skull; Remainder in Fluid,,RBU 250,R. Utzurrum,,,,,,,Eonycteris spelaea,,,Female,spelaea,56,Catanduanes Province,,,,,,,Degrees Minutes Seconds,,,,25 Feb 1988,13 48 -- N,,124 19 -- E,,,,,1988,,,,,,,,,,
1c824dfe-7b50-4ccb-8134-1b5db129877b,,,,,,,,,,,,,,PhysicalObject,,,,,,,,13907610,,,,,,PreservedSpecimen,,,579850,Mammalia,,Mammals,,Asia,,,Philippines,,Second,,,NMNH Extant Biology,,9,12.743,121.824,,,,,,,,99,,,,,,Pteropodidae,,,,,,,Eonycteris,WGS84,,Google Earth,,,,,,,Ecological remarks by collector(s): no,"Animalia, Chordata, Vertebrata, Mammalia, Eutheria, Chiroptera, Pteropodidae","Asia, Philippines, Palawan Province, Second, Palawan, Palawan",,,,,,,,,1,,,USNM,http://biocol.org/urn:lsid:biocol.org:col:34871,Palawan,,Animalia,,,,,,,,,"Quezon Municipality, Quezon Poblacion, National Museum Of The Philippines Quezon Field Station Compound [Tabon Cave Complex]",,,,,,,,,,,,4,,,,,,,,,http://n2t.net/ark:/65665/33ba03584-886d-4a7c-b1ab-167f96f37dee,,,Chiroptera,,,,,,,,,,,Chordata,,Fluid,,122612,C. Ross,,,,,,,Eonycteris spelaea,,,Male,spelaea,99,Palawan Province,,,,,,,,,,,9 Apr 1987,,,,,,,,1987,,,,,,,,,,
2a6a661f-894e-40b1-92d8-de46c1c020f8,,,,,,,,,,,,,,PhysicalObject,,,,,,,,14716781,,,,,,PreservedSpecimen,,,114144,Mammalia,,Mammals,,Asia,,,Philippines,,,,,NMNH Extant Biology,,,,,,,,,,,,,,,,,,Bovidae,,,,,,,Bubalus,,,,,,,,,,,"Animalia, Chordata, Vertebrata, Mammalia, Eutheria, Artiodactyla, Bovidae, Bovinae","Asia, Philippines",,,,,,,,,1,,,USNM,http://biocol.org/urn:lsid:biocol.org:col:34871,,,Animalia,,,,,,,,,,,,,,,,,,,,,,,,,,,,,,http://n2t.net/ark:/65665/30838cab6-379f-44fa-9b8f-0b50bd55f1fa,,,Artiodactyla,,,,,,,,,,,Chordata,,Partial Skull,,7,Collector Unknown,,,,,,,Bubalus bubalis,,,Unknown,bubalis,,,,,,,,,,,,,-- -- ----,,,,,,,,,,,,,,,,,,
a7ee42df-fa2d-4ca7-ba03-2e4c4e62b759,,,,,,,,,,,,,,PhysicalObject,,,,,,,,14401357,,,,,,PreservedSpecimen,,,459060,Mammalia,,Mammals,,Asia,,,Philippines,,,,,NMNH Extant Biology,,19,10.4667,124.75,,,,,,,,78,,,,,,Pteropodidae,,,,,,,Eonycteris,,,,,,,,,,Ecological remarks by collector(s): yes,"Animalia, Chordata, Vertebrata, Mammalia, Eutheria, Chiroptera, Pteropodidae","Asia, Philippines, Leyte Province, Leyte Island",,,,,,,,,1,,,USNM,http://biocol.org/urn:lsid:biocol.org:col:34871,Leyte Island,,Animalia,,,,,,,,,"Inopacan, 4 Km S, 1 Km E, Cathedral Cave",,,,,,,,,,50.0,,3,,,,,,,,,http://n2t.net/ark:/65665/3bf566d17-40f6-4a43-ab7d-573ed7ac6889,,,Chiroptera,,,,,,,,,,,Chordata,,Skull; Remainder in Fluid,,LRH 3017,L. Heaney,,,,,,,Eonycteris spelaea,,,Female,spelaea,78,Leyte Province,,,,,,,Degrees Minutes Seconds,,,,19 Mar 1987,10 28 00 N,,124 45 00 E,,,,,1987,,,,,,,,,,
331de00e-34c1-4dbd-aa7b-ce9dd4b297c7,,,,,,,,,,,,,,PhysicalObject,,,,,,,,,,,,,,PreservedSpecimen,,,139518,Actinopterygii,,Fishes,,,,,Philippines,,,,,NMNH Extant Biology,,26,,,,,,,,,,207,,,,,,Carangidae,,,,,,,Trachinotus,,,,,,,,,,,"Animalia, Chordata, Vertebrata, Osteichthyes, Actinopterygii, Neopterygii, Acanthopterygii, Perciformes, Percoidei, Carangidae","Pacific, Surigao Strait, Philippines, Leyte, Philippine Archipelago, Visayan Islands, Leyte",,,,,,,,,4,,,USNM,http://biocol.org/urn:lsid:biocol.org:col:34871,Leyte,Visayan Islands,Animalia,,,,,,,,,"Abuyog, (Leyte); Between Samar and Leyte, Vicinity of Surigao Strait",,,,,,4.0,,,4.0,,,7,,,,,,,,,http://n2t.net/ark:/65665/351d197a3-ff89-499b-9561-b6a6d6ece42e,Specimens numbered 7-10.,,Perciformes,,,,,,,,,,,Chordata,,,,,,,,,,,,Trachinotus blochii,,,,blochii,207,Leyte,,,,,,,,,,,1909 Jul 26 - 0000 00 00,,,,,,,"Pacific, Surigao Strait",1909,,,,,,,,,,
8642304a-b562-4b34-8461-927ffb368097,,,,,,,,,,,,,,PhysicalObject,,,,,,,,14401342,,,,,,PreservedSpecimen,,,458732,Mammalia,,Mammals,,Asia,,,Philippines,,,,,NMNH Extant Biology,,22,,,,,,,,,,112,,,,,,Cercopithecidae,,,,,,,Macaca,,,,,,,,,,Ecological remarks by collector(s): no,"Animalia, Chordata, Vertebrata, Mammalia, Eutheria, Primates, Haplorrhini, Cercopithecidae, Cercopithecinae","Asia, Philippines, Leyte Province, Maripipi Island",,,,,,,,,1,,,USNM,http://biocol.org/urn:lsid:biocol.org:col:34871,Maripipi Island,,Animalia,,,,,,,,,Maripipi,,,,,,,,,,,,4,,,,,,,,,http://n2t.net/ark:/65665/34f4206a0-ebe0-4d2d-a76b-4a282208e39b,,,Primates,,,,,,,,,,,Chordata,,Partial Skull,,PDH 3439,P. Heideman,,,,,,,Macaca fascicularis,,,Unknown,fascicularis,112,Leyte Province,,,,,,,,,,,22 Apr 1987,,,,,,,,1987,,,,,,,,,,
